-- phpMyAdmin SQL Dump
-- version 3.4.5
-- http://www.phpmyadmin.net
--
-- Host: localhost
-- Generation Time: Dec 11, 2015 at 02:18 PM
-- Server version: 5.5.16
-- PHP Version: 5.3.8

SET SQL_MODE="NO_AUTO_VALUE_ON_ZERO";
SET time_zone = "+00:00";


/*!40101 SET @OLD_CHARACTER_SET_CLIENT=@@CHARACTER_SET_CLIENT */;
/*!40101 SET @OLD_CHARACTER_SET_RESULTS=@@CHARACTER_SET_RESULTS */;
/*!40101 SET @OLD_COLLATION_CONNECTION=@@COLLATION_CONNECTION */;
/*!40101 SET NAMES utf8 */;

--
-- Database: `emmance`
--

-- --------------------------------------------------------

--
-- Table structure for table `board`
--

CREATE TABLE IF NOT EXISTS `board` (
  `id` varchar(255) NOT NULL,
  `name` varchar(255) NOT NULL,
  `url` varchar(255) NOT NULL,
  `created` timestamp NOT NULL DEFAULT CURRENT_TIMESTAMP,
  PRIMARY KEY (`id`)
) ENGINE=InnoDB DEFAULT CHARSET=latin1;

--
-- Dumping data for table `board`
--

INSERT INTO `board` (`id`, `name`, `url`, `created`) VALUES
('54d9adc1de399b8205d1c2a7', 'CamTravel', 'https://trello.com/b/uDYfc6Vd', '2015-12-06 11:39:43'),
('54d9b8aabeb849d6406a85d8', 'MYCourse', 'https://trello.com/b/dSV3qh1F', '2015-12-06 11:40:06'),
('54d9ba99a848b903602a3a8c', 'DeGwet', 'https://trello.com/b/Zyd87LJe', '2015-12-06 11:40:04'),
('54d9d75765d57c1b287b1619', 'BizContineo (Android)', 'https://trello.com/b/0U7paQ8b', '2015-12-06 11:39:34'),
('54d9dec1124032a769ab7b1e', 'BizContineo (Web)', 'https://trello.com/b/UimL1HOO', '2015-12-06 11:40:03'),
('54dafcfa5fc53888ef48eb22', 'Innomap 2', 'https://trello.com/b/CCYDj8bb', '2015-12-06 11:40:02'),
('54ed90cc0d7a7efef8d8d804', 'MYTV', 'https://trello.com/b/x3O0JXQB', '2015-12-06 11:40:02'),
('54f3514abb5d862304993a33', 'T@wan', 'https://trello.com/b/aLf0ReXY', '2015-12-06 11:40:04'),
('55000668b42776cf39a38b97', 'Electme', 'https://trello.com/b/DnZ3dkRy', '2015-12-06 11:40:05'),
('55093ddfa6d3e18ae998aca9', 'RND', 'https://trello.com/b/9AvcWr6u', '2015-12-06 11:40:02'),
('5526010f65eb020f14f1a049', 'IBMe', 'https://trello.com/b/OE1knSWE', '2015-12-06 11:40:04'),
('55262acab98b55e0cdc10cdf', 'Tracer-X', 'https://trello.com/b/hB1jAOZW', '2015-12-06 11:39:34'),
('552e15e9d806e0679200186f', 'eRakyat', 'https://trello.com/b/2mUNqZ0Y', '2015-12-06 11:40:02'),
('556fba73648229078ae5b680', 'Planet Digital', 'https://trello.com/b/sGot5WAX', '2015-12-06 11:40:02'),
('55779fcf813e048489823eef', 'CamTaxi Driver', 'https://trello.com/b/50HLRhft', '2015-12-06 11:40:05'),
('55f9019980d025a683dc636a', 'VEP (Vehicle Electronic Pricing)', 'https://trello.com/b/WFlFV8Hr', '2015-12-06 11:40:02'),
('561779be0a3a84876bb4a52c', 'Sum Hing ERP', 'https://trello.com/b/sVBFShnY', '2015-12-06 11:39:34');

-- --------------------------------------------------------

--
-- Table structure for table `card`
--

CREATE TABLE IF NOT EXISTS `card` (
  `id` varchar(255) NOT NULL,
  `name` varchar(255) NOT NULL,
  `board_id` varchar(255) NOT NULL,
  `list_id` varchar(255) NOT NULL,
  `created` timestamp NOT NULL DEFAULT CURRENT_TIMESTAMP,
  PRIMARY KEY (`id`),
  KEY `board_id` (`board_id`),
  KEY `list_id` (`list_id`)
) ENGINE=InnoDB DEFAULT CHARSET=latin1;

--
-- Dumping data for table `card`
--

INSERT INTO `card` (`id`, `name`, `board_id`, `list_id`, `created`) VALUES
('54d9aed79866a5fdd911e457', 'Manage Notes', '54d9adc1de399b8205d1c2a7', '54db050876da506d47f7ecfc', '2015-12-06 12:33:52'),
('54d9cca3064dd1a203f07824', 'Registration and Login', '54d9b8aabeb849d6406a85d8', '54d9d0638ab4c86938348f36', '2015-12-06 12:40:37'),
('54d9cca63c30e13b28ae61f8', 'Self Evaluation', '54d9b8aabeb849d6406a85d8', '54d9d0638ab4c86938348f36', '2015-12-06 12:40:46'),
('54d9d520f42557122337a513', 'Code Setup', '54d9b8aabeb849d6406a85d8', '54d9d0638ab4c86938348f36', '2015-12-06 12:40:39'),
('54d9d5396b60a359401860ab', 'Assessment (Frontpage)', '54d9b8aabeb849d6406a85d8', '54d9d0638ab4c86938348f36', '2015-12-06 12:40:37'),
('54d9d552b0bd9520c556d6b0', 'Student Profile', '54d9b8aabeb849d6406a85d8', '54d9d0638ab4c86938348f36', '2015-12-06 12:40:45'),
('54d9d5a806e8f83c9da66763', 'Manage User', '54d9b8aabeb849d6406a85d8', '54d9d0638ab4c86938348f36', '2015-12-06 12:40:38'),
('54dabf75d7589e9469dd66c9', 'Homepage (after login)', '54d9adc1de399b8205d1c2a7', '54db050876da506d47f7ecfc', '2015-12-06 12:33:52'),
('54dac05286fb6e38ee9229f6', 'RPL Reference Management', '54d9b8aabeb849d6406a85d8', '54d9d0638ab4c86938348f36', '2015-12-06 12:40:38'),
('54dac0af54493e83dd3ad4ef', 'Manage Assessor', '54d9b8aabeb849d6406a85d8', '54d9d0638ab4c86938348f36', '2015-12-06 12:40:38'),
('54dac255491a275bef4357b4', 'Manage Self Evaluation Form', '54d9b8aabeb849d6406a85d8', '54d9d0638ab4c86938348f36', '2015-12-06 12:40:39'),
('54dad81162cad5e590ad94cd', 'CRUD Deals', '54d9adc1de399b8205d1c2a7', '54db050876da506d47f7ecfc', '2015-12-06 12:35:12'),
('54dafd8714ae0bcf9098dc47', 'Comicxcel Landing Page', '54d9ba99a848b903602a3a8c', '54da255734957ead409d0220', '2015-12-06 12:40:19'),
('54dafdd73c717c659d8e04b5', 'Comicxcel Content Details', '54d9ba99a848b903602a3a8c', '54da255734957ead409d0220', '2015-12-06 12:40:18'),
('54dafddcabe3d09b1355cf96', 'Comicxcel Vote', '54d9ba99a848b903602a3a8c', '54da255734957ead409d0220', '2015-12-06 12:40:18'),
('54dafde3e2f33769ef53b0bd', 'Comicxcel Comments', '54d9ba99a848b903602a3a8c', '54da255fb25d926440d65d4e', '2015-12-06 12:40:18'),
('54dafdf89951f16c138d9d64', 'Comicxcel upload content', '54d9ba99a848b903602a3a8c', '54da255734957ead409d0220', '2015-12-06 12:40:19'),
('54dafdff00f95ed0dd2ecf63', 'Comicxcel share', '54d9ba99a848b903602a3a8c', '54da255734957ead409d0220', '2015-12-06 12:40:18'),
('54db04da9b6a52eadd20bad6', 'Dummy content for CamTaxi and Wing Activity (using screenshot from powerpoint slides)', '54d9adc1de399b8205d1c2a7', '54db050876da506d47f7ecfc', '2015-12-06 12:28:33'),
('54db05f0a58c5a74ef0b68f6', 'Update User Profile (change avatar, change bio, change password)', '54d9adc1de399b8205d1c2a7', '54db050876da506d47f7ecfc', '2015-12-06 12:28:33'),
('54db065bbb40c1c090de020a', 'Migrate innomap 2 to innomap.my server', '54dafcfa5fc53888ef48eb22', '54dafd0b84e4f96c26bec2d2', '2015-12-06 12:33:48'),
('54db226d76d0e058440af367', 'Manage Competency List', '54d9b8aabeb849d6406a85d8', '54d9d0638ab4c86938348f36', '2015-12-06 12:40:38'),
('54db2835b5b94c5aefec0db3', 'Manage Assessment Question', '54d9b8aabeb849d6406a85d8', '54d9d0638ab4c86938348f36', '2015-12-06 12:40:38'),
('54db341b20a053f7d845fc4b', 'Delete user from admin page', '54dafcfa5fc53888ef48eb22', '54dafd0b84e4f96c26bec2d2', '2015-12-06 12:40:42'),
('54db344239c5b30ed9ce2831', 'forgot password', '54dafcfa5fc53888ef48eb22', '54dafd0b84e4f96c26bec2d2', '2015-12-06 12:40:52'),
('54db3472ccdb4d5713fc9c5c', 'make a main menu which has submenu unclickable', '54dafcfa5fc53888ef48eb22', '54dafd0b84e4f96c26bec2d2', '2015-12-06 12:40:52'),
('54db3514c25bf51cd9d2f44e', 'all innovation reports, filter year is "tarikh penemuan"', '54dafcfa5fc53888ef48eb22', '54dafd0b84e4f96c26bec2d2', '2015-12-06 12:40:41'),
('54db3542ea15710dd378bace', 'back button from view details after pagination', '54dafcfa5fc53888ef48eb22', '54dafd0b84e4f96c26bec2d2', '2015-12-06 12:40:42'),
('54db390c3152dddd90b58969', 'Remove "Kembali" button in innovation detail from report', '54dafcfa5fc53888ef48eb22', '54dafd0b84e4f96c26bec2d2', '2015-12-06 12:40:42'),
('54db396078579274263a8659', 'add "view detail" for innovation in Portfolio', '54dafcfa5fc53888ef48eb22', '54dafd0b84e4f96c26bec2d2', '2015-12-06 12:40:51'),
('54dc031c0b32509d6bffaa33', 'Camtaxi landing page', '54d9adc1de399b8205d1c2a7', '54db050876da506d47f7ecfc', '2015-12-06 12:28:34'),
('54dc17d8da27feb1e4bd3257', 'Login', '54d9b8aabeb849d6406a85d8', '54d9d0638ab4c86938348f36', '2015-12-06 12:40:39'),
('54dc309a6ec713d05c4d5652', 'Create Hotspot', '54d9adc1de399b8205d1c2a7', '54dd699d9a19a8901cf40abc', '2015-12-06 12:40:44'),
('54dc344ba319a3f3b53fd4bb', 'Delete', '54d9adc1de399b8205d1c2a7', '54dd699d9a19a8901cf40abc', '2015-12-06 12:40:44'),
('54dd6ee47b3efb1835927f0e', 'Login', '54d9b8aabeb849d6406a85d8', '54d9d0638ab4c86938348f36', '2015-12-06 12:40:38'),
('54dd6f628bd380a4185f11e4', 'Competency List Evaluation', '54d9b8aabeb849d6406a85d8', '54d9d0638ab4c86938348f36', '2015-12-06 12:40:38'),
('54dd702c630f52e16b5fb2f2', 'Assessment Evaluation', '54d9b8aabeb849d6406a85d8', '54d9d0638ab4c86938348f36', '2015-12-06 12:40:37'),
('54dd78c9df7e402d35b78a18', 'Can view comic detail when click thumbnail', '54d9ba99a848b903602a3a8c', '54da255734957ead409d0220', '2015-12-06 12:40:18'),
('54dd819e7adc027d3daf95ad', 'Different graph for each innovation in Portfolio', '54dafcfa5fc53888ef48eb22', '54dafd0b84e4f96c26bec2d2', '2015-12-06 12:40:51'),
('54dd87424ceeb5edd154904f', 'Change company registration message', '54d9dec1124032a769ab7b1e', '54e6e7f0bdfd21df4d32cbbe', '2015-12-06 12:40:18'),
('54dd87832316e18e0d778ae1', 'Add reject button for company registration in admin page', '54d9dec1124032a769ab7b1e', '54e6e7f0bdfd21df4d32cbbe', '2015-12-06 12:40:17'),
('54dd88725cd982a3184f8b74', 'Add approval notes for company registration in admin page', '54d9dec1124032a769ab7b1e', '54e6e7f0bdfd21df4d32cbbe', '2015-12-06 12:40:17'),
('54dd96a61adff9cd186a7a36', 'Add message when add a new company members: "Invitation sent!"', '54d9dec1124032a769ab7b1e', '54e6e7f0bdfd21df4d32cbbe', '2015-12-06 12:40:17'),
('54e18169d77a7dce40117cf6', 'New assigned task doesn''t appear in task list menu. Login as expert', '54dafcfa5fc53888ef48eb22', '54dafd0b84e4f96c26bec2d2', '2015-12-06 12:40:42'),
('54e18cd650aed1715b3ba522', 'Upload camtravel apk to playstore for testing purpose', '54d9adc1de399b8205d1c2a7', '54db050876da506d47f7ecfc', '2015-12-06 12:28:33'),
('54e196ea65c0bd497e6cb55b', 'Upload latest codes to degwet.my', '54d9ba99a848b903602a3a8c', '54da255734957ead409d0220', '2015-12-06 12:40:19'),
('54e30cdb07b333adf3284834', 'Management Dashboard', '54dafcfa5fc53888ef48eb22', '54dafd0b84e4f96c26bec2d2', '2015-12-06 12:40:41'),
('54e30d553923198243eac071', 'change table language', '54dafcfa5fc53888ef48eb22', '54dafd0b84e4f96c26bec2d2', '2015-12-06 12:40:42'),
('54e4159a9225ce7bfe6c026c', 'There''s a number on the left side of program list', '54d9b8aabeb849d6406a85d8', '54d9d79f42d5e2a069379e6a', '2015-12-06 12:40:56'),
('54e42323f673dfd52f7cab65', 'disabled border on menu button', '54d9dec1124032a769ab7b1e', '54e6e7f0bdfd21df4d32cbbe', '2015-12-06 12:40:17'),
('54e42368a30d6e7115374748', 'font Capital for all company name', '54d9dec1124032a769ab7b1e', '54e6e7f0bdfd21df4d32cbbe', '2015-12-06 12:40:17'),
('54e4237bc622aa6dfe2e453b', 'create confirmation when deleted note', '54d9dec1124032a769ab7b1e', '54e6e7f0bdfd21df4d32cbbe', '2015-12-06 12:40:17'),
('54e4239ccd5d3d3930297e69', 'filter box connection stat / contact list', '54d9dec1124032a769ab7b1e', '54e6e7f0bdfd21df4d32cbbe', '2015-12-06 12:40:17'),
('54e42a204b952a7e881f9c67', 'create UI for email activation for user and company', '54d9dec1124032a769ab7b1e', '54d9dec1124032a769ab7b21', '2015-12-06 12:40:46'),
('54e6ec4242ab648f0b142226', 'floating label on textbox', '54d9dec1124032a769ab7b1e', '54e6e7f0bdfd21df4d32cbbe', '2015-12-06 12:40:17'),
('54e6fbcaa1668e89cba65ccb', 'Employee''s name not show in employee detail', '54d9dec1124032a769ab7b1e', '54e6e7f0bdfd21df4d32cbbe', '2015-12-06 12:40:16'),
('54e6fcdbfdb230279a7a4a5f', 'Edit profile bugs', '54d9dec1124032a769ab7b1e', '54e6e7f0bdfd21df4d32cbbe', '2015-12-06 12:40:16'),
('54e6fe06a2cca2627a106c8e', 'Message Box', '54d9dec1124032a769ab7b1e', '54e6e7f0bdfd21df4d32cbbe', '2015-12-06 12:40:16'),
('54e6ff8412603820eff00be4', 'create ui for email company invitation', '54d9dec1124032a769ab7b1e', '54e6e7f0bdfd21df4d32cbbe', '2015-12-06 12:40:16'),
('54e6ffade6dc76f84d0a86d7', 'company registration can use existing email address', '54d9dec1124032a769ab7b1e', '54e6e7f0bdfd21df4d32cbbe', '2015-12-06 12:40:16'),
('54e6ffc60343ead4ec03dcb0', 'company registration using token like user registration', '54d9dec1124032a769ab7b1e', '54e6e7f0bdfd21df4d32cbbe', '2015-12-06 12:40:16'),
('54e7001bbf46c38fd95c3d0e', 'detail card in detail employee page', '54d9dec1124032a769ab7b1e', '54e6e7f0bdfd21df4d32cbbe', '2015-12-06 12:40:17'),
('54eab3e3dac687547c28251a', 'ID is displayed instead of numbering in Deals', '54d9adc1de399b8205d1c2a7', '54dd699d9a19a8901cf40abc', '2015-12-06 12:35:13'),
('54eab43ebceecc63bbe66784', 'Image does not appear in deal list', '54d9adc1de399b8205d1c2a7', '54dd699d9a19a8901cf40abc', '2015-12-06 12:35:12'),
('54eab4f04f4d975e14ee55ba', 'image does not appear in deal edit page', '54d9adc1de399b8205d1c2a7', '54dd699d9a19a8901cf40abc', '2015-12-06 12:35:12'),
('54eab5c311b64a47123ae3e4', 'Add confirmation dialog every time there''s a delete action', '54d9adc1de399b8205d1c2a7', '54dd699d9a19a8901cf40abc', '2015-12-06 12:35:13'),
('54eab6b09e4fc77514975aa1', 'Add notification message everytime there''s a save action to database', '54d9adc1de399b8205d1c2a7', '54dd699d9a19a8901cf40abc', '2015-12-06 12:35:12'),
('54eac85c56cc64e83b92b5e6', 'Register button is not visible in samsung galaxy ace 2', '54d9adc1de399b8205d1c2a7', '54dd699d9a19a8901cf40abc', '2015-12-06 12:28:34'),
('54eacac9c1a7dc707ad63048', 'Error when trying to login', '54d9adc1de399b8205d1c2a7', '54dd699d9a19a8901cf40abc', '2015-12-06 12:28:35'),
('54eacbe7462b066e14945de0', 'error when edit username', '54dafcfa5fc53888ef48eb22', '54dafd0b84e4f96c26bec2d2', '2015-12-06 12:40:41'),
('54eacc946642032f6c27a3c0', 'remove tahun inovasi prior to 2008', '54dafcfa5fc53888ef48eb22', '54dafd0b84e4f96c26bec2d2', '2015-12-06 12:40:41'),
('54ead0f5174d5aeb0b2100dd', 'Add attachment for each criteria in portfolio', '54dafcfa5fc53888ef48eb22', '54dafd0b84e4f96c26bec2d2', '2015-12-06 12:40:41'),
('54ead156965a96957ae181e8', 'Add column phone number when generate innovator data in excel', '54dafcfa5fc53888ef48eb22', '54dafd0b84e4f96c26bec2d2', '2015-12-06 12:40:41'),
('54ec09a201428f7885e910b3', 'Switch user when have 2 account as user and admin', '54d9dec1124032a769ab7b1e', '54e6e7f0bdfd21df4d32cbbe', '2015-12-06 12:40:16'),
('54ec16d4050ac59effa725e9', 'Print detail innovation', '54dafcfa5fc53888ef48eb22', '54dafd0b84e4f96c26bec2d2', '2015-12-06 12:40:42'),
('54ec17942bc92e7ea62e8122', 'Print graph in report', '54dafcfa5fc53888ef48eb22', '54dafd0b84e4f96c26bec2d2', '2015-12-06 12:40:41'),
('54ed8bec60f1420b88301bb5', 'When delete image in edit page, there is no confirmation dialog', '54d9adc1de399b8205d1c2a7', '54dd699d9a19a8901cf40abc', '2015-12-06 12:35:13'),
('54ed9301590762e2ccffd66a', 'Change Management Team content', '54ed90cc0d7a7efef8d8d804', '54ed90d9ab2bf223511e8c3e', '2015-12-06 12:40:55'),
('54ed943fe52f49bcf562f4e7', 'Add National vision for DTT', '54ed90cc0d7a7efef8d8d804', '54ed90d9ab2bf223511e8c3e', '2015-12-06 12:40:55'),
('54ed94d03a2f38a27478be90', 'Change background video', '54ed90cc0d7a7efef8d8d804', '54ed90d9ab2bf223511e8c3e', '2015-12-06 12:40:54'),
('54ee9d46b3b080e85d5ee8e9', 'create ui for email  forgot password', '54d9dec1124032a769ab7b1e', '54e6e7f0bdfd21df4d32cbbe', '2015-12-06 12:40:17'),
('54eeb78a0fc577a712554caa', 'form registration for company', '54d9dec1124032a769ab7b1e', '54e6e7f0bdfd21df4d32cbbe', '2015-12-06 12:40:16'),
('54eebfebaa5680d212337ff9', 'Each main menu can have video or image background', '54ed90cc0d7a7efef8d8d804', '54ed90d9ab2bf223511e8c3e', '2015-12-06 12:40:54'),
('54eec65247a4693bf3488afb', 'Change submenu area to be clickable not only the text', '54ed90cc0d7a7efef8d8d804', '54ed90d9ab2bf223511e8c3e', '2015-12-06 12:40:54'),
('54eed092f6f4012fafcd3b4f', 'Make the CHIEF EXECUTIVE OFFICER title to lower case in key management page', '54ed90cc0d7a7efef8d8d804', '54ed90d9ab2bf223511e8c3e', '2015-12-06 12:40:55'),
('54ef0e0ec2381a52a28a532e', 'Remove image in company background, make it full text, remove the scroll bar if unnecessary', '54ed90cc0d7a7efef8d8d804', '54ed90d9ab2bf223511e8c3e', '2015-12-06 12:40:54'),
('54ef122af88efce6e602c866', 'Add social media icon with links in the footer', '54ed90cc0d7a7efef8d8d804', '54ed90d9ab2bf223511e8c3e', '2015-12-06 12:40:54'),
('54ef1239b5b577a4da3a88dd', 'remove "The Power off DTT" side banner', '54ed90cc0d7a7efef8d8d804', '54ed90d9ab2bf223511e8c3e', '2015-12-06 12:33:49'),
('54ef12de9a9917ef505ae2e3', 'Change 5 pillar services icons', '54ed90cc0d7a7efef8d8d804', '54ed90d9ab2bf223511e8c3e', '2015-12-06 12:33:49'),
('54ef17be27e6aaecce7eb798', 'Edit benefits of DTT page, Change NEWS ROOM title to Benefits of DTT, remove the creation date', '54ed90cc0d7a7efef8d8d804', '54ed90d9ab2bf223511e8c3e', '2015-12-06 12:40:54'),
('54ef1a76b966df21387c253d', 'change instagram link to : instagram.com/plan8digital', '54ed90cc0d7a7efef8d8d804', '54ed90d9ab2bf223511e8c3e', '2015-12-06 12:40:54'),
('54efde63b91625479892c872', 'Newsroom, change date font to 8pt, title font to 17px', '54ed90cc0d7a7efef8d8d804', '54ed90d9ab2bf223511e8c3e', '2015-12-06 12:40:54'),
('54efe71dc359888e7d285994', 'Remove stb sponsorship image n slider', '54ed90cc0d7a7efef8d8d804', '54ed90d9ab2bf223511e8c3e', '2015-12-06 12:40:54'),
('54f00a564135166c8ae09ff6', 'contact detail error page', '54d9dec1124032a769ab7b1e', '54e6e7f0bdfd21df4d32cbbe', '2015-12-06 12:40:16'),
('54f0517c2f07a44b8a8a8b7d', 'Taxi fare API & its dummy data in the database', '54d9adc1de399b8205d1c2a7', '54db050876da506d47f7ecfc', '2015-12-06 12:28:33'),
('54f34d3aca8ec35089462e94', 'Change header design', '54ed90cc0d7a7efef8d8d804', '54ed90d9ab2bf223511e8c3e', '2015-12-06 12:40:53'),
('54f34df22ab35de40fd81b6a', 'Change thumbnail design', '54ed90cc0d7a7efef8d8d804', '54ed90d9ab2bf223511e8c3e', '2015-12-06 12:40:53'),
('54f34fbf71b66b8f89b9cfbe', 'Add Join us button floating on the right side', '54ed90cc0d7a7efef8d8d804', '54ed90d9ab2bf223511e8c3e', '2015-12-06 12:40:54'),
('54f4161bd89b45817e375c43', 'delete confirmation on administrator page', '54d9dec1124032a769ab7b1e', '54e6e7f0bdfd21df4d32cbbe', '2015-12-06 12:40:17'),
('54f420ae09f141a989aa350d', 'Change video background', '54ed90cc0d7a7efef8d8d804', '54ed90d9ab2bf223511e8c3e', '2015-12-06 12:40:53'),
('54f420f8b70eaed222f864d8', 'enable background video sound', '54ed90cc0d7a7efef8d8d804', '54ed90d9ab2bf223511e8c3e', '2015-12-06 12:40:53'),
('54f421213b0f6656c6ab230c', 'remove small "DTT benefits" title above the quote text', '54ed90cc0d7a7efef8d8d804', '54ed90d9ab2bf223511e8c3e', '2015-12-06 12:40:53'),
('54f422b8f8e9063ec6c87df1', 'make the social media share button fix position in the left bottom corner of the container', '54ed90cc0d7a7efef8d8d804', '54ed90d9ab2bf223511e8c3e', '2015-12-06 12:40:53'),
('54f4274318b6f9f15756d341', 'Email autocomplete in login & signup form', '54d9adc1de399b8205d1c2a7', '54db050876da506d47f7ecfc', '2015-12-06 12:33:52'),
('54f42b3a201c57980f5dc179', 'Create landing page before login', '54f3514abb5d862304993a33', '54f3515bd202b6eca7e3d90a', '2015-12-06 12:40:19'),
('54f42b4288777d105014258d', 'Create landing page after login', '54f3514abb5d862304993a33', '54f3515bd202b6eca7e3d90a', '2015-12-06 12:35:48'),
('54f68265b1ebf50d3f68ea30', 'Rename “Student” to “Candidate” for all labels', '54d9b8aabeb849d6406a85d8', '54d9d0638ab4c86938348f36', '2015-12-06 12:40:38'),
('54f6827926e29db2aa2677d1', 'Enable Candidate to upload Profile Photo.', '54d9b8aabeb849d6406a85d8', '54d9d0638ab4c86938348f36', '2015-12-06 12:40:38'),
('54f6828ecd5693f4e9c2cbb2', 'To create “No Certificate” as one option. (For Candidate that doesn’t have any certificate when registering)', '54d9b8aabeb849d6406a85d8', '54d9d0638ab4c86938348f36', '2015-12-06 12:40:38'),
('54f682cad6fd582c0ae66d18', 'Auto login after register', '54d9b8aabeb849d6406a85d8', '54d9d0638ab4c86938348f36', '2015-12-06 12:40:38'),
('54f682f0948647953d3acd39', 'To create “No Subordinate” or prompt “Key In ‘0’”for no Subordinate.', '54d9b8aabeb849d6406a85d8', '54d9d0638ab4c86938348f36', '2015-12-06 12:40:38'),
('54f6833242e16be65eb49ea2', 'Change wording “NOSS” to “SKILL”', '54d9b8aabeb849d6406a85d8', '54d9d0638ab4c86938348f36', '2015-12-06 12:40:37'),
('54f69434e03d47608e84c011', 'New layout', '54ed90cc0d7a7efef8d8d804', '54ed90d9ab2bf223511e8c3e', '2015-12-06 12:40:54'),
('54f80bb7cba93284711b3ba7', 'Change button join us to register', '54ed90cc0d7a7efef8d8d804', '54ed90d9ab2bf223511e8c3e', '2015-12-06 12:40:53'),
('54f80beb55392cb63eb0c26d', 'Background TV service (white transparent)', '54ed90cc0d7a7efef8d8d804', '54ed90d9ab2bf223511e8c3e', '2015-12-06 12:40:53'),
('54f80c18d516d63001f1c2a1', 'Contact Us (change reference to new layout 5)', '54ed90cc0d7a7efef8d8d804', '54ed90d9ab2bf223511e8c3e', '2015-12-06 12:40:53'),
('54f80c5bd474bba5d0fa902f', 'Inquiry form', '54ed90cc0d7a7efef8d8d804', '54ed90d9ab2bf223511e8c3e', '2015-12-06 12:40:53'),
('54f97718221c09d3b79083ef', 'Create ui for email add employee invitation', '54d9dec1124032a769ab7b1e', '54e6e7f0bdfd21df4d32cbbe', '2015-12-06 12:40:17'),
('54fbd6cddfe596eb550e0bba', 'Remove thumbnails from other pages, display only in home page (client ask to revert to original :D )', '54ed90cc0d7a7efef8d8d804', '54ed90d9ab2bf223511e8c3e', '2015-12-06 12:40:53'),
('54fbd7bb1700bfe99755046e', 'Change planet digital banner link to www.planetdigital.my', '54ed90cc0d7a7efef8d8d804', '54ed90d9ab2bf223511e8c3e', '2015-12-06 12:40:53'),
('54fbd7ed9f19f361ae0273c0', 'make the banner appearance movement effect from right to left (from the tab area) instead of bottom right to up.', '54ed90cc0d7a7efef8d8d804', '54ed90d9ab2bf223511e8c3e', '2015-12-06 12:33:49'),
('54fbd8b944ba9ed25c54b600', 'Change shadow background with attached image', '54ed90cc0d7a7efef8d8d804', '54ed90d9ab2bf223511e8c3e', '2015-12-06 12:40:53'),
('54fbd9a1c05116b81e9579a0', 'Change DTT benefits content article', '54ed90cc0d7a7efef8d8d804', '54ed90d9ab2bf223511e8c3e', '2015-12-06 12:33:49'),
('54fd1c01b7d7c589f4e47416', 'Move the ‘Career” tab from About MYTV to  “Contact Us”', '54ed90cc0d7a7efef8d8d804', '54ed90d9ab2bf223511e8c3e', '2015-12-06 12:40:53'),
('54fd1c2c3154624949f2f0fc', 'Smaller up the Copyright font size on the right bottom (half the curent size)', '54ed90cc0d7a7efef8d8d804', '54ed90d9ab2bf223511e8c3e', '2015-12-06 12:40:53'),
('54fd1ef8f994b5bc60331fd2', 'Change management team members', '54ed90cc0d7a7efef8d8d804', '54ed90d9ab2bf223511e8c3e', '2015-12-06 12:33:49'),
('54fd1fea02a7b3ae5cefb83a', 'make share buttons fixed position on the bottom left corner of the box', '54ed90cc0d7a7efef8d8d804', '54ed90d9ab2bf223511e8c3e', '2015-12-06 12:40:52'),
('54fd2082eef827736f478ccc', 'create multi-lingual option - English & Bahasa Melayu', '54ed90cc0d7a7efef8d8d804', '54ed90d9ab2bf223511e8c3e', '2015-12-06 12:33:49'),
('54fd40065f7ba2b66032483a', 'Competency List', '54d9b8aabeb849d6406a85d8', '54d9d0638ab4c86938348f36', '2015-12-06 12:40:37'),
('54fd4042d23ad8a85ca463c3', 'Submenu not align in mozilla', '54ed90cc0d7a7efef8d8d804', '54ed90e17a79ae8939d470cd', '2015-12-06 12:40:57'),
('54fd4757f070fec3252d1e13', 'align content with logo', '54ed90cc0d7a7efef8d8d804', '54ed90e17a79ae8939d470cd', '2015-12-06 12:40:56'),
('54fd4a862b93a6f79176653c', 'News room : change line to orange', '54ed90cc0d7a7efef8d8d804', '54ed90d9ab2bf223511e8c3e', '2015-12-06 12:40:52'),
('54fd4a990402e1e91e8be324', 'TV service : reduce opacity for grey box', '54ed90cc0d7a7efef8d8d804', '54ed90d9ab2bf223511e8c3e', '2015-12-06 12:40:52'),
('54fd4ab6375ab307b17115d2', 'Landing page : change thumbnail image with icon and text', '54ed90cc0d7a7efef8d8d804', '54ed90d9ab2bf223511e8c3e', '2015-12-06 12:40:52'),
('54fd4ac66037231970190ca1', 'Change font with purchased font', '54ed90cc0d7a7efef8d8d804', '54ed90d9ab2bf223511e8c3e', '2015-12-06 12:40:53'),
('54fd90f56cff9cbf55c80590', 'Change DTT benefits layout', '54ed90cc0d7a7efef8d8d804', '54ed90d9ab2bf223511e8c3e', '2015-12-06 12:40:52'),
('54fea7df30c0db4ab081e3f7', 'after user email verification, in edit profile page, work email displayed twice, should be only 1', '54d9dec1124032a769ab7b1e', '54e6e7f0bdfd21df4d32cbbe', '2015-12-06 12:40:16'),
('54fea86ed604737415a20122', 'after user email verification, in edit profile page, change avatar is not working', '54d9dec1124032a769ab7b1e', '54e6e7f0bdfd21df4d32cbbe', '2015-12-06 12:40:15'),
('54feb09e2d7aba48f04ba4f0', 'Add notification message after save user profile', '54d9dec1124032a769ab7b1e', '54e6e7f0bdfd21df4d32cbbe', '2015-12-06 12:40:15'),
('54feb0e2f4ec515817825378', 'design UI when contact page is empty', '54d9dec1124032a769ab7b1e', '54e6e7f0bdfd21df4d32cbbe', '2015-12-06 12:40:16'),
('54feb119be5c68c193953cc2', 'Add contact function from recommendation section on the right column in contact page', '54d9dec1124032a769ab7b1e', '54e6e7f0bdfd21df4d32cbbe', '2015-12-06 12:40:17'),
('54feb46e5a0908a5512f97a2', 'Add progress bar for saving note', '54d9dec1124032a769ab7b1e', '54e6e7f0bdfd21df4d32cbbe', '2015-12-06 12:40:15'),
('54feb69192bbae29f0fd3dc9', 'Email Company Account Approval', '54d9dec1124032a769ab7b1e', '54e6e7f0bdfd21df4d32cbbe', '2015-12-06 12:40:16'),
('54ffa99b4b0e7c2d73c509ee', 'Add Career Management in administrator page', '54ed90cc0d7a7efef8d8d804', '54ed90d9ab2bf223511e8c3e', '2015-12-06 12:33:49'),
('54ffa9acb9cdae73737bc652', 'Implement new Career page design', '54ed90cc0d7a7efef8d8d804', '54ed90d9ab2bf223511e8c3e', '2015-12-06 12:40:52'),
('54ffa9b91c4aa7a4bcdf67b0', 'Implement job listing design', '54ed90cc0d7a7efef8d8d804', '54ed90d9ab2bf223511e8c3e', '2015-12-06 12:40:54'),
('54ffa9c7a0661772db92e99e', 'Implement job application form', '54ed90cc0d7a7efef8d8d804', '54ed90d9ab2bf223511e8c3e', '2015-12-06 12:40:52'),
('54ffa9e6c8dc404d65b01911', 'Add job application listing in administrator page', '54ed90cc0d7a7efef8d8d804', '54ed90d9ab2bf223511e8c3e', '2015-12-06 12:33:49'),
('54ffc5996a91469989839247', 'explore Nginx', '54f3514abb5d862304993a33', '54f3515956825396c61755e5', '2015-12-06 12:40:37'),
('550000c211d0e801bd239ce5', 'design Contact Detail bug', '54d9dec1124032a769ab7b1e', '54e6e7f0bdfd21df4d32cbbe', '2015-12-06 12:40:15'),
('5500073f8833438573681c3e', 'Issues recommendation enhancement', '55000668b42776cf39a38b97', '550006a18ab2ec72d1c8b12b', '2015-12-06 12:40:40'),
('5501274b4dffdf3f2cd5f017', 'on edit profile', '54d9dec1124032a769ab7b1e', '54e6e7f0bdfd21df4d32cbbe', '2015-12-06 12:40:15'),
('550129bff758e6e3801b9892', 'in note page. image upload from android not display', '54d9dec1124032a769ab7b1e', '54e6e7f0bdfd21df4d32cbbe', '2015-12-06 12:40:15'),
('55024e4be8dc7e0603e8c684', 'Design landing page after login', '54d9dec1124032a769ab7b1e', '55c84a96d57307de1afdc4e2', '2015-12-06 12:40:24'),
('55024e5762c7c6f7581c4e45', 'Design contact detail page', '54d9dec1124032a769ab7b1e', '55c84a96d57307de1afdc4e2', '2015-12-06 12:40:24'),
('55024e5e6c270db90b158faa', 'Design user edit profile page', '54d9dec1124032a769ab7b1e', '55c84a96d57307de1afdc4e2', '2015-12-06 12:40:24'),
('55024e779873760b0cd13cc9', 'Design user page', '54d9dec1124032a769ab7b1e', '55c84a96d57307de1afdc4e2', '2015-12-06 12:40:24'),
('550291b93c9801f792d48729', 'create UI for email invitation to Bizcontineo from android', '54d9dec1124032a769ab7b1e', '54e6e7f0bdfd21df4d32cbbe', '2015-12-06 12:40:15'),
('5506991fdfcd8c81b7cb5205', 'App crash when view the image in hotspots', '54d9adc1de399b8205d1c2a7', '54dd699d9a19a8901cf40abc', '2015-12-06 12:33:52'),
('5507881b47b1b4e9dd9f033b', 'Change "our partners" content from company logo to list, see description', '54ed90cc0d7a7efef8d8d804', '54ed90d9ab2bf223511e8c3e', '2015-12-06 12:33:48'),
('5507a2b8c8e6497ca9e92a3a', 'Fix bug after logout', '54d9adc1de399b8205d1c2a7', '54dd699d9a19a8901cf40abc', '2015-12-06 12:28:35'),
('5507c2477040d54e03f15c56', 'Fixing bug change avatar', '54d9adc1de399b8205d1c2a7', '54db050876da506d47f7ecfc', '2015-12-06 12:27:31'),
('5507e1842e92ec7edc5a1c87', 'Design & Implement ERD for Itinerary-Note-Hotspot relationship, and create the corresponding models in the Android project', '54d9adc1de399b8205d1c2a7', '54db050876da506d47f7ecfc', '2015-12-06 12:28:33'),
('5509024d0f7853761ba59e2c', 'Create menu itinerary & change icon "add new" on album & note', '54d9adc1de399b8205d1c2a7', '54db050876da506d47f7ecfc', '2015-12-06 12:33:51'),
('55091757ba0fd7c7e9c7e128', 'Upload image in note make the app crash', '54d9adc1de399b8205d1c2a7', '54db050876da506d47f7ecfc', '2015-12-06 12:27:31'),
('55094280c1b111a30a90aa46', 'WT-NMP', '55093ddfa6d3e18ae998aca9', '55093de61a13b024dd7f253b', '2015-12-06 12:40:37'),
('550944161f1d99e8638e1c70', 'Content management [administrator page]', '54ed90cc0d7a7efef8d8d804', '54ed90d9ab2bf223511e8c3e', '2015-12-06 12:33:48'),
('5509463ca474b0570a86e948', 'Nginx Configuration', '55093ddfa6d3e18ae998aca9', '55093de61a13b024dd7f253b', '2015-12-06 12:40:37'),
('55094ed072cf94701b6ba0be', 'Add Itinerary & Display list of itineraries', '54d9adc1de399b8205d1c2a7', '54db050876da506d47f7ecfc', '2015-12-06 12:27:31'),
('55094efab9c44571a34e1223', 'Add activities to an itinerary', '54d9adc1de399b8205d1c2a7', '54db050876da506d47f7ecfc', '2015-12-06 12:28:33'),
('550a438bdb27af66ebfb445d', 'implementation new design', '54d9dec1124032a769ab7b1e', '54e6e7f0bdfd21df4d32cbbe', '2015-12-06 12:40:15'),
('550a4cd831d5978d17113de4', 'COMPANY BACKGROUND - change the display name of  referral link “KEMENTERIAN KOMUNIKASI DAN MULTIMEDIA MALAYSIA” to ‘MINISTRY OF COMMUNICATIONS AND MULTIMEDIA MALAYSIA’.', '54ed90cc0d7a7efef8d8d804', '54ed90d9ab2bf223511e8c3e', '2015-12-06 12:40:52'),
('550a4cf6287731db8e4895ab', 'NATIONAL VISION FOR DTT - Enlarge the font for content by 30%', '54ed90cc0d7a7efef8d8d804', '54ed90d9ab2bf223511e8c3e', '2015-12-06 12:40:52'),
('550a4d2f31d5978d17113e12', 'MANAGEMENT TEAM – remove avatar template. Just make the box background with grey color', '54ed90cc0d7a7efef8d8d804', '54ed90d9ab2bf223511e8c3e', '2015-12-06 12:33:49'),
('550a4d55cb9c5b7fb727327b', 'ABOUT MYTV –  add subpage for  “Deployment Map”', '54ed90cc0d7a7efef8d8d804', '54ed90d9ab2bf223511e8c3e', '2015-12-06 12:40:42'),
('550a4da0ec5029ab3557d82f', 'DTT BENEFITS – replace current video to birds without mountain.', '54ed90cc0d7a7efef8d8d804', '54ed90d9ab2bf223511e8c3e', '2015-12-06 12:33:48'),
('550aa6e467cb22dddb12f2c9', 'Explore angular Js and it''s implementation', '55093ddfa6d3e18ae998aca9', '550aa6cbf0cc56a08e8225a2', '2015-12-06 12:33:43'),
('550b966d8acf8478bddec7ae', 'Management Team - move up the name section to the middle and make all name background same height', '54ed90cc0d7a7efef8d8d804', '54ed90d9ab2bf223511e8c3e', '2015-12-06 12:33:48'),
('550fda998bc7aa72bfc51dd3', 'Implement new design for 5-pillar services', '54ed90cc0d7a7efef8d8d804', '54ed90d9ab2bf223511e8c3e', '2015-12-06 12:40:52'),
('550fdac44f9c87318796ca6b', 'Implement new design for management team', '54ed90cc0d7a7efef8d8d804', '54ed90d9ab2bf223511e8c3e', '2015-12-06 12:33:48'),
('550fdafd75ef418c5eb55856', 'remove underline when hover "View job listing" in career page', '54ed90cc0d7a7efef8d8d804', '54ed90d9ab2bf223511e8c3e', '2015-12-06 12:40:52'),
('550fde01632628fb0bdc4b46', 'Configuring Nginx and Apache', '55093ddfa6d3e18ae998aca9', '55093de61a13b024dd7f253b', '2015-12-06 12:40:37'),
('55125a9ae638368b6cb240d4', 'Design Landing page UI', '54d9adc1de399b8205d1c2a7', '54db050876da506d47f7ecfc', '2015-12-06 12:40:25'),
('55125ad0d8a7a237ab428e02', 'Design landing page after login', '54d9adc1de399b8205d1c2a7', '54db050876da506d47f7ecfc', '2015-12-06 12:40:25'),
('55125ae08e2354fb09e8e729', 'Design Hotspots page', '54d9adc1de399b8205d1c2a7', '54db050876da506d47f7ecfc', '2015-12-06 12:40:26'),
('55125b0e60faa88b47f3305b', 'Design Notes page', '54d9adc1de399b8205d1c2a7', '54db050876da506d47f7ecfc', '2015-12-06 12:40:26'),
('55125b5359d8ba37a1d0ac72', 'Design Itinerary page', '54d9adc1de399b8205d1c2a7', '54db050876da506d47f7ecfc', '2015-12-06 12:40:25'),
('55125b85fe773c56ec7dd4bc', 'Design Camtaxi page', '54d9adc1de399b8205d1c2a7', '54db050876da506d47f7ecfc', '2015-12-06 12:40:25'),
('5513aa2fd5c5b6b96a16967b', 'Manage Issue', '55000668b42776cf39a38b97', '5513d74bab1e7271c569b175', '2015-12-06 12:40:43'),
('5513adc87c2094e4b6389e26', 'Manage Data > Cawangan', '55000668b42776cf39a38b97', '550006a18ab2ec72d1c8b12b', '2015-12-06 12:40:41'),
('5513ae0c1eba8f44bd91580d', 'Manage Data > Party Position', '55000668b42776cf39a38b97', '5513d74bab1e7271c569b175', '2015-12-06 12:40:43'),
('5513ae54f890bf8c26a859d6', 'Manage Data > Supporting Agencies', '55000668b42776cf39a38b97', '5513d74bab1e7271c569b175', '2015-12-06 12:40:43'),
('5513afb988a27692e0d06104', 'Search', '55000668b42776cf39a38b97', '5513d74bab1e7271c569b175', '2015-12-06 12:40:44'),
('5513b151f46c1a45221a1282', 'Notice Board', '55000668b42776cf39a38b97', '5513d74bab1e7271c569b175', '2015-12-06 12:40:44'),
('5513b353e1d76966844825a1', 'Setting > Menu', '55000668b42776cf39a38b97', '550006a18ab2ec72d1c8b12b', '2015-12-06 12:40:40'),
('5513bdbb627c6e0bc5b84aed', 'Database error when delete member', '55000668b42776cf39a38b97', '550006a18ab2ec72d1c8b12b', '2015-12-06 12:40:40'),
('5513c1f875fe42f333c08cb1', 'Change 5 pillar content', '54ed90cc0d7a7efef8d8d804', '54ed90d9ab2bf223511e8c3e', '2015-12-06 12:40:51'),
('5513c75879eedacc2d24beed', 'change main menu label for Bahasa', '54ed90cc0d7a7efef8d8d804', '54ed90d9ab2bf223511e8c3e', '2015-12-06 12:40:51'),
('5514c9d5ee9c3c7f1333d892', 'Database error when add division', '55000668b42776cf39a38b97', '550006a18ab2ec72d1c8b12b', '2015-12-06 12:40:40'),
('5517882d3fe6add0154b1355', 'Implement new mobile design', '54ed90cc0d7a7efef8d8d804', '54ed90d9ab2bf223511e8c3e', '2015-12-06 12:33:48'),
('55190e29842ecaefc69d4f8d', 'create CRUD in android studio and connection to db', '55093ddfa6d3e18ae998aca9', '55190dfac5b8cf9863aa4000', '2015-12-06 12:40:19'),
('551a177efc03a683d073a33f', 'Create a testing script using document template', '55000668b42776cf39a38b97', '550006a18ab2ec72d1c8b12b', '2015-12-06 12:40:40'),
('551a4702bf529560098d0cbd', 'Complete testing document', '54d9dec1124032a769ab7b1e', '54d9dec1124032a769ab7b21', '2015-12-06 12:40:15'),
('551b9e6f5746607d03bb0022', 'Form member: change title field to combo box (encik, datuk, tansri, tun) & remove existing title from name', '55000668b42776cf39a38b97', '550006a18ab2ec72d1c8b12b', '2015-12-06 12:40:40'),
('551ba0d4d5ce6fe69e6fe5b2', 'message when edited', '54d9dec1124032a769ab7b1e', '54d9dec1124032a769ab7b21', '2015-12-06 12:40:15'),
('551ba0ea81eb637308145c4a', 'Form member: remove Ketua Cawangan, Ketua Bahagian and Ketua Negeri from User Role', '55000668b42776cf39a38b97', '550006a18ab2ec72d1c8b12b', '2015-12-06 12:40:39'),
('551ba14218b70253b79bd77d', 'Form member: if selected user role Citizen or Administrator, then hide the Party Position field', '55000668b42776cf39a38b97', '550006a18ab2ec72d1c8b12b', '2015-12-06 12:40:40'),
('551ba15a7ffca44f5b1b202c', 'Form member: rename "User Role" to "System Role"', '55000668b42776cf39a38b97', '550006a18ab2ec72d1c8b12b', '2015-12-06 12:40:39'),
('551ba3704de1a510cf9bf320', 'Redefine user access role, see description', '55000668b42776cf39a38b97', '5500069877d96791bc0fe429', '2015-12-06 12:40:37'),
('551cb78db23af01365c8d1bd', 'Login via Facebook', '54d9dec1124032a769ab7b1e', '54e6e7f0bdfd21df4d32cbbe', '2015-12-06 12:40:15'),
('551cb7a40b9e30cacd7b520e', 'Search Contact', '54d9dec1124032a769ab7b1e', '54e6e7f0bdfd21df4d32cbbe', '2015-12-06 12:40:15'),
('551cd90843ef5dd2cdec3e7e', 'Increase image size limitation for uploading to 8MB then use resize algorithm to reduce the file size stored in server', '55000668b42776cf39a38b97', '550006a18ab2ec72d1c8b12b', '2015-12-06 12:40:39'),
('5521f6de86438f0339a179b2', 'Change 5 pillar service design', '54ed90cc0d7a7efef8d8d804', '54ed90d9ab2bf223511e8c3e', '2015-12-06 12:40:51'),
('552600758f49eed152b1fcb2', 'implement landing page UI', '54d9adc1de399b8205d1c2a7', '54db050876da506d47f7ecfc', '2015-12-06 12:33:51'),
('552600bed6564051fddc4c6f', 'Implement Notes design', '54d9adc1de399b8205d1c2a7', '54db050876da506d47f7ecfc', '2015-12-06 12:33:51'),
('5526197af440331956cfb99c', 'Implement design for landing page after login', '5526010f65eb020f14f1a049', '552601179ff13ecdfd6a8462', '2015-12-06 12:35:49'),
('552619874ed6531182a2f20f', 'Implement design for company profile forms', '5526010f65eb020f14f1a049', '552601179ff13ecdfd6a8462', '2015-12-06 12:40:21'),
('5526198f943ab911fd358de9', 'implement design for social network', '5526010f65eb020f14f1a049', '552601179ff13ecdfd6a8462', '2015-12-06 12:35:49'),
('55261a6f8de23294c392c5ae', 'tab for company classified', '5526010f65eb020f14f1a049', '552601179ff13ecdfd6a8462', '2015-12-06 12:40:21'),
('55262b65e1dce8d2551919b5', 'Define Career Site Modules', '55262acab98b55e0cdc10cdf', '55c1c425b7e0df5df2646e19', '2015-12-06 12:28:30'),
('55262c04ce7379a9b03974d0', 'Define Tracer Study Requirements', '55262acab98b55e0cdc10cdf', '55c1c425b7e0df5df2646e19', '2015-12-06 12:28:30'),
('55262e426ac95560fd0e146c', 'Explore Social Network Analysis', '55093ddfa6d3e18ae998aca9', '55262e29b7cf0520676d216a', '2015-12-06 12:40:24'),
('5526319b7e424109820cbc73', 'graphic for mutual friend', '54d9dec1124032a769ab7b1e', '54d9dec1124032a769ab7b21', '2015-12-06 12:40:14'),
('552644092efdf8b5558aa599', 'change design if card vertical or horizontal', '54d9dec1124032a769ab7b1e', '54d9dec1124032a769ab7b21', '2015-12-06 12:40:14'),
('5526445ec0f6048bdf53dcfc', 'mutual friend - when hover display status connection', '54d9dec1124032a769ab7b1e', '54d9dec1124032a769ab7b21', '2015-12-06 12:40:15'),
('55274e858913552170f0d72d', 'img card not display', '54d9dec1124032a769ab7b1e', '54d9dec1124032a769ab7b21', '2015-12-06 12:40:14'),
('552a649d244695ddacd4bc16', 'Insert hotspots data', '54d9adc1de399b8205d1c2a7', '54db050876da506d47f7ecfc', '2015-12-06 12:40:44'),
('552b2baca37bf11c69b6b636', 'Change company address', '54ed90cc0d7a7efef8d8d804', '54ed90d9ab2bf223511e8c3e', '2015-12-06 12:40:51'),
('552b7543d42ed5f7a36c57b4', 'in company background, change text "DTT" to "DTT (Digital Terrestrial Television)"', '54ed90cc0d7a7efef8d8d804', '54ed90d9ab2bf223511e8c3e', '2015-12-06 12:40:52'),
('552b756fe8db00e95b177d64', 'in National vision for DTT, change text "DTT" to "DTT (Digital Terrestrial Television)"', '54ed90cc0d7a7efef8d8d804', '54ed90d9ab2bf223511e8c3e', '2015-12-06 12:40:51'),
('552b759574ad671d270e882e', 'Management Team : Disable the description for now. Try making the Name and title left aligned.', '54ed90cc0d7a7efef8d8d804', '54ed90d9ab2bf223511e8c3e', '2015-12-06 12:33:48'),
('552b75ea57afca37268661e2', '5-Pillar Services: make only the menu Titles such as TV Services and Radio Services clickable instead of the sub menu.', '54ed90cc0d7a7efef8d8d804', '54ed90d9ab2bf223511e8c3e', '2015-12-06 12:40:51'),
('552c83376375e8f9c01191ad', 'bug in article detail page', '5526010f65eb020f14f1a049', '552601179ff13ecdfd6a8462', '2015-12-06 12:40:21'),
('552cd44ef0841aa7081baaca', 'Management team new layout', '54ed90cc0d7a7efef8d8d804', '54ed90d9ab2bf223511e8c3e', '2015-12-06 12:40:51'),
('552dd5cf2a20fe7e1cbb0119', 'remove submenu in 5-Pillar services.', '54ed90cc0d7a7efef8d8d804', '54ed90d9ab2bf223511e8c3e', '2015-12-06 12:33:48'),
('552dd6abe91039c379868cda', 'Change DTT Vision article title to: NATIONAL VISION FOR DIGITAL TERRESTRIAL TELEVISION', '54ed90cc0d7a7efef8d8d804', '54ed90d9ab2bf223511e8c3e', '2015-12-06 12:33:47'),
('552dd70c7cb665f5fbb18bde', 'Change DTT vision article body to left align not centered', '54ed90cc0d7a7efef8d8d804', '54ed90d9ab2bf223511e8c3e', '2015-12-06 12:33:48'),
('552dd7a339a4e610396afdfc', 'Put drop shadow for white text', '54ed90cc0d7a7efef8d8d804', '54ed90d9ab2bf223511e8c3e', '2015-12-06 12:40:51'),
('552de4c1dbbeecae3ab36bd6', 'Muted icon', '54ed90cc0d7a7efef8d8d804', '54ed90d9ab2bf223511e8c3e', '2015-12-06 12:40:51'),
('552e16abbfa376e11bb1febf', 'Implement API for regisration', '552e15e9d806e0679200186f', '552e1639f57c2ea61cd3a14f', '2015-12-06 12:40:41'),
('552e170f447dbd5e348594eb', 'Implement API for login', '552e15e9d806e0679200186f', '552e1639f57c2ea61cd3a14f', '2015-12-06 12:40:41'),
('552e17a5e1557dd66d564e1c', 'Implement REGISTRATION & LOGIN module', '552e15e9d806e0679200186f', '552e1639f57c2ea61cd3a14f', '2015-12-06 12:33:47'),
('552e188ad4e7bd4939ba938b', 'Implement models (based on its web DB) which will be used on Android', '552e15e9d806e0679200186f', '552e1639f57c2ea61cd3a14f', '2015-12-06 12:33:46'),
('552e1c2d1d0381a13ad4548c', 'Implement REPORTS UI', '552e15e9d806e0679200186f', '552e1639f57c2ea61cd3a14f', '2015-12-06 12:33:47'),
('552e1ea5b9af44768c0284d2', 'Implement SUBMIT ISSUE (NEW REPORT) module', '552e15e9d806e0679200186f', '552e1639f57c2ea61cd3a14f', '2015-12-06 12:33:46'),
('552f5230d4b8d044c99a39f1', 'Implement API for GET MY REPORTS LIST', '552e15e9d806e0679200186f', '552e1639f57c2ea61cd3a14f', '2015-12-06 12:40:41'),
('552f527bd2abf1401c08bc82', 'Implement API for GET RECENT REPORTS LIST', '552e15e9d806e0679200186f', '552e1639f57c2ea61cd3a14f', '2015-12-06 12:40:40'),
('552f528df247c229d0076d88', 'Implement API for GET FAVORITES LIST', '552e15e9d806e0679200186f', '552e1639f57c2ea61cd3a14f', '2015-12-06 12:40:40'),
('553073897a0cdc76be078f09', 'design registration & login page', '552e15e9d806e0679200186f', '552e1639f57c2ea61cd3a14f', '2015-12-06 12:40:25'),
('5530738f7f5f34c98dec4a3e', 'design landing page after login', '552e15e9d806e0679200186f', '552e1639f57c2ea61cd3a14f', '2015-12-06 12:40:25'),
('553073a76610bbb72ea4a32a', 'design submit new issue form', '552e15e9d806e0679200186f', '552e1639f57c2ea61cd3a14f', '2015-12-06 12:40:25'),
('553073b02110911d723bf550', 'design issues list', '552e15e9d806e0679200186f', '552e1639f57c2ea61cd3a14f', '2015-12-06 12:40:25'),
('5534b128db56074fb1ed0827', 'Implement new Itinerary List UI', '54d9adc1de399b8205d1c2a7', '54db050876da506d47f7ecfc', '2015-12-06 12:28:32'),
('5534fb17827948fc6ad651db', 'Implement design for landing page before login', '5526010f65eb020f14f1a049', '552601179ff13ecdfd6a8462', '2015-12-06 12:35:49'),
('5535e7373186accd43fa5417', 'Implement Homepage design & logout function', '552e15e9d806e0679200186f', '552e1639f57c2ea61cd3a14f', '2015-12-06 12:33:47'),
('553da54caa97fb4957cecfe5', 'implement new design all page', '5526010f65eb020f14f1a049', '552601179ff13ecdfd6a8462', '2015-12-06 12:40:21'),
('553e47a0b34273cca5e26913', 'Default name after register is null, take it from email but trim after @. Or add name field in the registration forn', '54d9adc1de399b8205d1c2a7', '54db050876da506d47f7ecfc', '2015-12-06 12:33:51'),
('553e49045afd63ceedec3862', 'Remove "wings" from menu', '54d9adc1de399b8205d1c2a7', '54db050876da506d47f7ecfc', '2015-12-06 12:33:51'),
('553e4b09b624cab0128e35ee', 'After user successfully register, auto login, do NOT go back to login page', '54d9adc1de399b8205d1c2a7', '54db050876da506d47f7ecfc', '2015-12-06 12:33:51'),
('553e4b796332f7f989dad1e2', 'App crash when create new album', '54d9adc1de399b8205d1c2a7', '54dd699d9a19a8901cf40abc', '2015-12-06 12:28:34'),
('553e4b8b871c8aa6c4955ad8', 'Create new album is not working', '54d9adc1de399b8205d1c2a7', '54dd699d9a19a8901cf40abc', '2015-12-06 12:28:34'),
('553e4bdb9623e15415f8b62c', 'Display tourist attraction categories in hot spots, not hospital', '54d9adc1de399b8205d1c2a7', '54dd699d9a19a8901cf40abc', '2015-12-06 12:28:33'),
('553e4c64bfaef864206250b0', 'App crash when view hotspot details', '54d9adc1de399b8205d1c2a7', '54d9dfdb98d1a2036a1caf04', '2015-12-06 12:28:33'),
('553e4d669d0f194dd09de667', 'Create note: image in thumbnail doesn''t appear after take photo or select from album. Same thing happen when edit', '54d9adc1de399b8205d1c2a7', '54dd699d9a19a8901cf40abc', '2015-12-06 12:28:34'),
('553e4dfbc567bc1dee599103', 'App crash when create new note', '54d9adc1de399b8205d1c2a7', '54d9dfdb98d1a2036a1caf04', '2015-12-06 12:28:33'),
('553e4f378a9369266191f455', 'Note thumbnail in note list still display dummy image, need to take from note image', '54d9adc1de399b8205d1c2a7', '54dd699d9a19a8901cf40abc', '2015-12-06 12:28:34'),
('553e4ff14e2c8ab557083f0e', 'Cannot edit time when creating a new itinerary', '54d9adc1de399b8205d1c2a7', '54dd699d9a19a8901cf40abc', '2015-12-06 12:28:34'),
('553e505dcdf371218e418fc8', 'App crash when selecting a location when create a new activity in itinerary', '54d9adc1de399b8205d1c2a7', '54dd699d9a19a8901cf40abc', '2015-12-06 12:28:34'),
('553e57169e2d33a3890c762d', 'Itinerary: cannot change cover image', '54d9adc1de399b8205d1c2a7', '54dd699d9a19a8901cf40abc', '2015-12-06 12:28:34'),
('553e57d5ffaa514162b274c3', 'Itinerary: there''s a gap on the right side of cover image', '54d9adc1de399b8205d1c2a7', '54dd699d9a19a8901cf40abc', '2015-12-06 12:28:33'),
('553e58c652d92a93e033405c', 'App crash when change user avatar', '54d9adc1de399b8205d1c2a7', '54dd699d9a19a8901cf40abc', '2015-12-06 12:28:34'),
('553e59e5ead7da2aa51b22ad', 'App crash when change profile, save, then click logout', '54d9adc1de399b8205d1c2a7', '54dd699d9a19a8901cf40abc', '2015-12-06 12:28:35'),
('553f0e6694385350f4eafb08', 'hotspots only display 10 data out of 83', '54d9adc1de399b8205d1c2a7', '54dd699d9a19a8901cf40abc', '2015-12-06 12:28:33'),
('553f2994b0b1b6520683398f', 'article page after sign in', '5526010f65eb020f14f1a049', '552601179ff13ecdfd6a8462', '2015-12-06 12:35:49'),
('553f29bfe10de1f0d85be752', 'side menu focus same like breadcrumb', '5526010f65eb020f14f1a049', '552601179ff13ecdfd6a8462', '2015-12-06 12:35:49'),
('553f29d74737f1b414ee5842', 'semantic search in landing page after login', '5526010f65eb020f14f1a049', '552601179ff13ecdfd6a8462', '2015-12-06 12:40:21'),
('5540c44860ccee96f4922227', 'graph bug', '54d9dec1124032a769ab7b1e', '54d9dec1124032a769ab7b21', '2015-12-06 12:40:14'),
('5546f348b1f64a16cf8f8867', 'Footer menu before login change to copyright', '5526010f65eb020f14f1a049', '552601179ff13ecdfd6a8462', '2015-12-06 12:35:49'),
('5546f3a1538e8e966d2c6629', 'Change signup button before login', '5526010f65eb020f14f1a049', '552601179ff13ecdfd6a8462', '2015-12-06 12:35:49'),
('5546f3e4250d2f4062bbf2fd', 'When user not log in, menu not show  at article detail page', '5526010f65eb020f14f1a049', '552601179ff13ecdfd6a8462', '2015-12-06 12:35:49'),
('5546f4101dee56fd860e009f', 'IBME icon button redirect to home', '5526010f65eb020f14f1a049', '552601179ff13ecdfd6a8462', '2015-12-06 12:35:49'),
('5546f42b7deea33d4d1a33a4', 'Dynamic advertising', '5526010f65eb020f14f1a049', '552601179ff13ecdfd6a8462', '2015-12-06 12:35:49'),
('5546f461a2622ed8ce7cf37b', 'notification design', '5526010f65eb020f14f1a049', '552601179ff13ecdfd6a8462', '2015-12-06 12:40:21'),
('5546f475f05464cdc3e88ce2', 'selected left-menu', '5526010f65eb020f14f1a049', '552601179ff13ecdfd6a8462', '2015-12-06 12:40:21'),
('5547469b23f3cb826ddc86fc', 'description scrolled in classified content after login', '5526010f65eb020f14f1a049', '552601179ff13ecdfd6a8462', '2015-12-06 12:35:48'),
('5548742b0e96947d6592fd00', 'Change itinerary cover sometimes not working perfectly', '54d9adc1de399b8205d1c2a7', '54d9dfdb98d1a2036a1caf04', '2015-12-06 12:28:34'),
('55487472a94243fac1b45f2f', 'Number of notes in album not correct', '54d9adc1de399b8205d1c2a7', '54dd699d9a19a8901cf40abc', '2015-12-06 12:28:34'),
('55487a82db12a21b618cf4ef', '[8] Company info bookmark not working', '54d9d75765d57c1b287b1619', '55e95d0af69335523727bae3', '2015-12-06 12:28:31'),
('55499b879135b9024687f34f', 'please note that when you are in the subpages of About MYTV, MYTV Platform, Contact Us, change menu text to yellow when you are in one their subpages', '54ed90cc0d7a7efef8d8d804', '54ed90d9ab2bf223511e8c3e', '2015-12-06 12:40:51'),
('55499d2287439587dba5838b', 'Test Phase Sites, copy change to "Testing shall be implemented in phases starting April 2015, and expected to complete by year end."', '54ed90cc0d7a7efef8d8d804', '54ed90d9ab2bf223511e8c3e', '2015-12-06 12:40:51'),
('5549b39ae63aa1b307a6e540', 'Support for multi-lingual', '54d9adc1de399b8205d1c2a7', '54d9dfd6825e91d7d95541fe', '2015-12-06 12:28:32'),
('554ad4b19fb473eac6ac4bcf', 'Second line of the para, last sentence. You dont start an official sentence with the word "And". Omit "And". Start with "Through these features..........."', '54ed90cc0d7a7efef8d8d804', '54ed90d9ab2bf223511e8c3e', '2015-12-06 12:40:50'),
('554ad4e52cba40238f941fbf', 'Layout via DTT should be horizontal, not vertical (mac display)', '54ed90cc0d7a7efef8d8d804', '54ed90e17a79ae8939d470cd', '2015-12-06 12:40:57'),
('554ad9cbe2487e40cf771b52', 'Contact us: please remove “Submit an inquiry” (just comment the code)', '54ed90cc0d7a7efef8d8d804', '54ed90d9ab2bf223511e8c3e', '2015-12-06 12:40:50'),
('554ad9e034642cdd8303419b', 'Career: please highlight "talent@mtvb.my" and turn it into an email form.', '54ed90cc0d7a7efef8d8d804', '54ed90d9ab2bf223511e8c3e', '2015-12-06 12:40:50'),
('554adcc238b07ce625f1a8ea', 'Button mute only work in home video, try mute the other video like introduction to DTT, currently it''s not working', '54ed90cc0d7a7efef8d8d804', '54ed90e17a79ae8939d470cd', '2015-12-06 12:40:56'),
('554ae554b02c39e153b897df', 'Implement categories filter on Hotspot List', '54d9adc1de399b8205d1c2a7', '54db050876da506d47f7ecfc', '2015-12-06 12:28:32'),
('554ae637fd360f6e2c0924f9', 'Implement note images synchronization', '54d9adc1de399b8205d1c2a7', '54db050876da506d47f7ecfc', '2015-12-06 12:28:32'),
('554c2a5db407c6d70d5a3ef7', 'change graph content in contact detail same like in mobile apps', '54d9dec1124032a769ab7b1e', '54d9dec1124032a769ab7b20', '2015-12-06 12:40:14'),
('554c2a87abd17dbb49c0383a', 'implement design card image', '54d9dec1124032a769ab7b1e', '54d9dec1124032a769ab7b21', '2015-12-06 12:40:14'),
('5552f9dd690ce756d0d2350f', 'add source of data in innovation form: jejak inovasi, HIP 6, Others', '54dafcfa5fc53888ef48eb22', '54dafd0b84e4f96c26bec2d2', '2015-12-06 12:40:41'),
('5552f9e6b824093f99163d5a', 'Add business analyst role', '54dafcfa5fc53888ef48eb22', '54dafd0b84e4f96c26bec2d2', '2015-12-06 12:40:50'),
('5552f9eef3b7af5169107ac4', 'business analyst: view list innovation where source = HIP 6', '54dafcfa5fc53888ef48eb22', '54dafd0b84e4f96c26bec2d2', '2015-12-06 12:40:51'),
('5552f9f72e18014daeaec3d0', 'business analyst: create executive summary for each HIP 6 innovation', '54dafcfa5fc53888ef48eb22', '54dafd0b84e4f96c26bec2d2', '2015-12-06 12:40:41'),
('5552fa07ecb7bd8799eb7145', 'business analyst: edit innovation record with information memo', '54dafcfa5fc53888ef48eb22', '54dafd0b84e4f96c26bec2d2', '2015-12-06 12:40:40'),
('5552fa0e3bec5e624def01c2', 'Track how long the memo is updated. Start from the time executive summary', '54dafcfa5fc53888ef48eb22', '54dafd0b84e4f96c26bec2d2', '2015-12-06 12:40:41'),
('5552fa17aac47961c654e816', 'Add project director & committee member role', '54dafcfa5fc53888ef48eb22', '54dafd0b84e4f96c26bec2d2', '2015-12-06 12:40:50'),
('5552fa1f9d4157afaee8946b', 'project director: view innovation list with score update status', '54dafcfa5fc53888ef48eb22', '54dafd0b84e4f96c26bec2d2', '2015-12-06 12:40:50'),
('5552fa274dfe78ef41f42537', 'project director: update innovation status of selection to HIP6', '54dafcfa5fc53888ef48eb22', '54dafd0b84e4f96c26bec2d2', '2015-12-06 12:40:49'),
('5552fa30f8c3469969ec1651', 'project director: post steering committee meeting', '54dafcfa5fc53888ef48eb22', '54dafd0b84e4f96c26bec2d2', '2015-12-06 12:40:49'),
('5552fa3943e2f0b68b427964', 'add HIP6 account manager', '54dafcfa5fc53888ef48eb22', '54dafd0b84e4f96c26bec2d2', '2015-12-06 12:40:40'),
('5552fa424d35fb3d424222b7', 'project director assign portfolio to hip 6 account manager', '54dafcfa5fc53888ef48eb22', '54dafd0b84e4f96c26bec2d2', '2015-12-06 12:40:49'),
('5552fa4a1b239d89d84878b6', 'account manager: management plan form', '54dafcfa5fc53888ef48eb22', '54dafd0b84e4f96c26bec2d2', '2015-12-06 12:40:40'),
('5552fa54d8b5793417d916d8', 'account manager: innovator profile update', '54dafcfa5fc53888ef48eb22', '54dafd0b84e4f96c26bec2d2', '2015-12-06 12:40:40'),
('5552fa646d766b4706160db3', 'account manager: account management log', '54dafcfa5fc53888ef48eb22', '54dafd0b84e4f96c26bec2d2', '2015-12-06 12:40:40'),
('5552fa76ac0dd058d071193b', 'Dashboard', '54dafcfa5fc53888ef48eb22', '54dafd0b84e4f96c26bec2d2', '2015-12-06 12:40:39'),
('5552fabab824093f99163dfe', 'add HIP6 stakeholder', '54dafcfa5fc53888ef48eb22', '54dafd0b84e4f96c26bec2d2', '2015-12-06 12:40:39'),
('5555869e1942082107d53c48', '[11] fix force closed problem when no internet connection. If no internet connection all user changes will stored in local cache then sync to server when connection established', '54d9d75765d57c1b287b1619', '54d9df9f4307fd57405488b0', '2015-12-06 12:28:31'),
('555586f69f867ce406bf4a1c', 'Migrate bizcontineo web to new rackspace server 162.209.9.227. View description for server credentials', '54d9dec1124032a769ab7b1e', '54d9dec1124032a769ab7b21', '2015-12-06 12:40:14'),
('555597ce8ac7d4956350b34d', 'Design Tracer-X user interface', '55262acab98b55e0cdc10cdf', '55262ad498c0d3c1fa010eb1', '2015-12-06 12:40:25'),
('555aca850a380183e20e126d', 'menu after login if no have submenu', '5526010f65eb020f14f1a049', '552601179ff13ecdfd6a8462', '2015-12-06 12:40:20'),
('555aca961d934d9886a90f2f', 'resize upload image', '5526010f65eb020f14f1a049', '552601179ff13ecdfd6a8462', '2015-12-06 12:40:20'),
('555acaa4b4578ee147ce27b0', 'hide menu in header', '5526010f65eb020f14f1a049', '552601179ff13ecdfd6a8462', '2015-12-06 12:40:20');
INSERT INTO `card` (`id`, `name`, `board_id`, `list_id`, `created`) VALUES
('555b04fc33101b9cda64d59d', 'set horizontal bar chart if bar chart in bizdirectory report chart more than 10', '5526010f65eb020f14f1a049', '552601179ff13ecdfd6a8462', '2015-12-06 12:40:21'),
('555c0b9d36fef09915ee3ca6', 'Implement several hotspot design', '54d9adc1de399b8205d1c2a7', '54db050876da506d47f7ecfc', '2015-12-06 12:33:51'),
('555c0baae6e4aaab0e9e4120', 'Implement camtaxi design', '54d9adc1de399b8205d1c2a7', '54db050876da506d47f7ecfc', '2015-12-06 12:33:51'),
('555c51b3d1ca0a3309d0ac5d', 'new report certification by state (column & barchart)', '5526010f65eb020f14f1a049', '552601179ff13ecdfd6a8462', '2015-12-06 12:40:19'),
('555c51c8c134f6638b3436b4', 'Report by Paid delete barchart', '5526010f65eb020f14f1a049', '552601179ff13ecdfd6a8462', '2015-12-06 12:40:21'),
('555c51f5e961c56b7a7d57e8', 'number of company, category and revenue', '5526010f65eb020f14f1a049', '552601179ff13ecdfd6a8462', '2015-12-06 12:40:19'),
('555c52d43ce7eb3c0e5cb2b4', 'number of company, state and revenue', '5526010f65eb020f14f1a049', '552601179ff13ecdfd6a8462', '2015-12-06 12:40:19'),
('555c53c3ccf1b45e24245cba', 'report by state canvasnya di perlebar', '5526010f65eb020f14f1a049', '552601179ff13ecdfd6a8462', '2015-12-06 12:40:20'),
('555c555ff476da3b6fe6ed6e', 'report by category. revenue (blue line) and paid capital (red line) create spiderweb', '5526010f65eb020f14f1a049', '552601179ff13ecdfd6a8462', '2015-12-06 12:40:20'),
('5566d8f953c4729b9bcf2c17', 'Implement full synchronization of CamTravel', '54d9adc1de399b8205d1c2a7', '54db050876da506d47f7ecfc', '2015-12-06 12:28:32'),
('556ad1aab5ade45732c6edb0', 'Align the Source Title for articles in Newsroom.', '54ed90cc0d7a7efef8d8d804', '54ed90d9ab2bf223511e8c3e', '2015-12-06 12:33:47'),
('556ad1b86e999678297ab8e5', 'Make sure the social media share icons anchored at the content footer left corner doesnt overlap with the content text.', '54ed90cc0d7a7efef8d8d804', '54ed90d9ab2bf223511e8c3e', '2015-12-06 12:33:46'),
('556ad1ca12733af2a92c554c', 'Reinstate the Submit an Enquiry form.', '54ed90cc0d7a7efef8d8d804', '54ed90d9ab2bf223511e8c3e', '2015-12-06 12:33:47'),
('556ad1e9141141eeab30c961', 'Fix bug load more button on News page', '54ed90cc0d7a7efef8d8d804', '54ed90d9ab2bf223511e8c3e', '2015-12-06 12:33:47'),
('556ad1eea04c977d8eb4cc57', 'Enabling multilanguage', '54ed90cc0d7a7efef8d8d804', '54ed90d9ab2bf223511e8c3e', '2015-12-06 12:33:46'),
('556ad9af0655ff32c729f7eb', 'change menu home to ''Utama'' in bhs melayu', '54ed90cc0d7a7efef8d8d804', '54ed90d9ab2bf223511e8c3e', '2015-12-06 12:33:46'),
('556ae218f4ef00ef40ba9439', 'Content and translation for MYTV portal', '54ed90cc0d7a7efef8d8d804', '54ed90d9ab2bf223511e8c3e', '2015-12-06 12:33:46'),
('556af1bbbdb3ed1f2e34099c', 'Change quote for CPE Industry (malay lang)', '54ed90cc0d7a7efef8d8d804', '54ed90d9ab2bf223511e8c3e', '2015-12-06 12:33:46'),
('556af1d8aa57341e03e58827', 'Share button overlap in 5 pillar services', '54ed90cc0d7a7efef8d8d804', '54ed90d9ab2bf223511e8c3e', '2015-12-06 12:33:46'),
('556af2052c1f32c84e7d7788', 'Remove ''assist me'' text in contact us page & ''make can we assist you?'' as link', '54ed90cc0d7a7efef8d8d804', '54ed90d9ab2bf223511e8c3e', '2015-12-06 12:33:46'),
('556bd75ccc3ec7a031b8251e', 'Make margin from content to socmed  in pillar services english same as bahasa version', '54ed90cc0d7a7efef8d8d804', '54ed90d9ab2bf223511e8c3e', '2015-12-06 12:33:46'),
('556bd786a04c977d8eb54b7b', 'Change bahasa text thumbnail in Landing page', '54ed90cc0d7a7efef8d8d804', '54ed90d9ab2bf223511e8c3e', '2015-12-06 12:33:46'),
('556bd790f7daa59e08846dca', 'Change ''can we assist you'' text in contact us', '54ed90cc0d7a7efef8d8d804', '54ed90d9ab2bf223511e8c3e', '2015-12-06 12:33:45'),
('556be2c0d3bc6d7d0c963c14', 'new tables and columns', '54d9dec1124032a769ab7b1e', '54d9dec1124032a769ab7b22', '2015-12-06 12:40:18'),
('556bee58306181318b7e2ddc', 'Make entire page font and style (margin, padding, etc) consistence', '5526010f65eb020f14f1a049', '552601179ff13ecdfd6a8462', '2015-12-06 12:35:48'),
('556bef877017a13735dffeda', 'Change ''choose file'' text in apply form to ''Muat naik''', '54ed90cc0d7a7efef8d8d804', '54ed90d9ab2bf223511e8c3e', '2015-12-06 12:33:45'),
('556bf479c91dd9ec74c57549', 'add button "Display Graph" on Social Graph page', '5526010f65eb020f14f1a049', '552601179ff13ecdfd6a8462', '2015-12-06 12:40:20'),
('556bf4ab609d212a8bf219ef', 'ibme bug list', '5526010f65eb020f14f1a049', '552601179ff13ecdfd6a8462', '2015-12-06 12:40:20'),
('556fbb9cc609f40e4b4709c1', 'Create Database', '556fba73648229078ae5b680', '556fbac3d489d591e7567790', '2015-12-06 12:33:48'),
('556fbba8f26cf2ffe3731f6f', 'Configuration Codeigniter', '556fba73648229078ae5b680', '556fbac3d489d591e7567790', '2015-12-06 12:40:51'),
('556fe5a7afdb4f2e73f63997', 'Registration', '556fba73648229078ae5b680', '556fbac3d489d591e7567790', '2015-12-06 12:33:48'),
('556fe5aaac322f06a033d3e8', 'Login', '556fba73648229078ae5b680', '556fbac3d489d591e7567790', '2015-12-06 12:40:51'),
('556fe6b35054e5cefb28afd1', 'Receptionist Page', '556fba73648229078ae5b680', '556fbac3d489d591e7567790', '2015-12-06 12:40:50'),
('55710f23f37306c93f33d34d', 'REPORT - Export to Excel', '556fba73648229078ae5b680', '556fbac3d489d591e7567790', '2015-12-06 12:33:48'),
('55710f8bb178196d96b22316', 'REPORT - Charts', '556fba73648229078ae5b680', '556fbac3d489d591e7567790', '2015-12-06 12:33:47'),
('557154ebafd331fb1a040bf6', 'create database tracer x', '55262acab98b55e0cdc10cdf', '55262ad185ea28f5b0859d72', '2015-12-06 12:40:18'),
('557155244358388399694c98', '[6] create login for system user per role', '55262acab98b55e0cdc10cdf', '55d6d17828451a8d59d096af', '2015-12-06 12:40:18'),
('5571553cd3fceeccfe364d9c', 'Implement desain for left side menu and main page', '55262acab98b55e0cdc10cdf', '55262ad185ea28f5b0859d72', '2015-12-06 12:35:11'),
('5571555ed063f8dd99923bdf', 'Implement desain for header menu', '55262acab98b55e0cdc10cdf', '55262ad185ea28f5b0859d72', '2015-12-06 12:35:11'),
('55754bf1d0e57bf4275ff8da', 'Bikin tagline TraceX', '55262acab98b55e0cdc10cdf', '55262acce0cb50dfb4e1ba89', '2015-12-06 12:28:31'),
('55754d970c160e1b616c9a66', 'create drag and drop with angularjs', '55262acab98b55e0cdc10cdf', '55262ad185ea28f5b0859d72', '2015-12-06 12:40:20'),
('55766d8a9f4907adb6d5c9eb', 'Create entire UI for draggable builder content', '55262acab98b55e0cdc10cdf', '55c1d7d8a46826c5797f4af9', '2015-12-06 12:35:10'),
('55766db2363842eeac739189', 'REPORT - User friendly Search Bar', '556fba73648229078ae5b680', '556fbac3d489d591e7567790', '2015-12-06 12:33:47'),
('55769770dd057f20ad18a174', 'Create multiple tab for UI with angularjs', '55262acab98b55e0cdc10cdf', '55262ad185ea28f5b0859d72', '2015-12-06 12:35:11'),
('5577c77a1998456c796ce02e', 'Change request registration', '556fba73648229078ae5b680', '556fbac3d489d591e7567790', '2015-12-06 12:33:48'),
('5577dcb98f2af56d4f0eee4b', 'Registration Design', '556fba73648229078ae5b680', '556fbac3d489d591e7567790', '2015-12-06 12:40:50'),
('557a5391fe1fbb683a993c1a', 'Implement Design', '556fba73648229078ae5b680', '556fbac3d489d591e7567790', '2015-12-06 12:40:50'),
('557a827776f12f7e3a16146d', 'Registration form - show validate message on user change (real time)', '556fba73648229078ae5b680', '556fbac3d489d591e7567790', '2015-12-06 12:33:47'),
('557e446930bb588fda3b1ac4', 'registration form on mobile, form too tight until the edge', '556fba73648229078ae5b680', '556fbac3d489d591e7567790', '2015-12-06 12:33:47'),
('557e448f7ccc84ab55b9a756', 'remove Group name from industry option', '556fba73648229078ae5b680', '556fbac3d489d591e7567790', '2015-12-06 12:33:47'),
('557e52a33e30959657061679', 'fix bug duplicate triangle on registration for dropdown', '556fba73648229078ae5b680', '556fbac3d489d591e7567790', '2015-12-06 12:33:47'),
('557fee6626b8d7105f03c693', 'Change registration design', '556fba73648229078ae5b680', '556fbac3d489d591e7567790', '2015-12-06 12:40:50'),
('5580f3f3ab08cb2f4ec5bca9', 'CHECK IN BUG: all guest can check in, including unverified guest', '556fba73648229078ae5b680', '556fbac3d489d591e7567790', '2015-12-06 12:33:46'),
('55810840eac622180cec30ba', 'Responsive new design registration', '556fba73648229078ae5b680', '556fbac3d489d591e7567790', '2015-12-06 12:40:49'),
('558119448ba9082191ae469d', 'Create UI Content', '55262acab98b55e0cdc10cdf', '55262ad185ea28f5b0859d72', '2015-12-06 12:35:12'),
('558242e7a98729ab6710eb56', 'Registration List - Please follow "view" & "sort"..and "GO" button', '556fba73648229078ae5b680', '556fbac3d489d591e7567790', '2015-12-06 12:33:46'),
('558242fd4a69a98511e5dfe6', 'crud portfolio criteria', '54dafcfa5fc53888ef48eb22', '54dafd0b84e4f96c26bec2d2', '2015-12-06 12:40:39'),
('55824b86119877dae1eb76cc', 'Registration form : form colleague', '556fba73648229078ae5b680', '556fbac3d489d591e7567790', '2015-12-06 12:40:49'),
('55828a0a2330f86a1883e50b', 'Set content from menu draggable', '55262acab98b55e0cdc10cdf', '55262acce0cb50dfb4e1ba89', '2015-12-06 12:40:13'),
('558299addbb93c11799548a2', 'BUG: Registration form validation doesn''t work on iOS', '556fba73648229078ae5b680', '556fbac3d489d591e7567790', '2015-12-06 12:33:46'),
('55837f01f8dd162085667e0c', 'upload image function for component', '55262acab98b55e0cdc10cdf', '55c1d7d8a46826c5797f4af9', '2015-12-06 12:35:10'),
('55877d339dc7e66a4be5573a', 'Change request : change color and position form colleague', '556fba73648229078ae5b680', '556fbac3d489d591e7567790', '2015-12-06 12:40:49'),
('558903a101486c7d47910100', 'Update menu side bar', '55262acab98b55e0cdc10cdf', '55262ad185ea28f5b0859d72', '2015-12-06 12:40:18'),
('558903bc1f85727bd716f6fe', 'create content data alumni', '55262acab98b55e0cdc10cdf', '55c1c44be015638a6c16fb45', '2015-12-06 12:35:48'),
('558a3835c26fd7f5c2f1fd5e', 'Chart Report: Add total number of people registered and attended above the charts', '556fba73648229078ae5b680', '556fbac3d489d591e7567790', '2015-12-06 12:33:44'),
('558a38ba766d51e9c247679b', 'add sign out button in receptionist page', '556fba73648229078ae5b680', '556fbac3d489d591e7567790', '2015-12-06 12:40:49'),
('558b9a5fc7eb788b52f43e7a', '[5] submit form & preview survey with angular', '55262acab98b55e0cdc10cdf', '55262acfed48531bfd3eb295', '2015-12-06 12:33:43'),
('558cc0cb9af3b2272c13248e', 'change request : Enable view company detail in admin page, especially in the company account registration table', '54d9dec1124032a769ab7b1e', '54d9dec1124032a769ab7b21', '2015-12-06 12:40:45'),
('558cd3d2ee06484c74306cfd', 'Add registration no to report excel', '556fba73648229078ae5b680', '556fbac3d489d591e7567790', '2015-12-06 12:40:49'),
('5590b0af2d0a36bc866c0f78', 'create resend verification email', '556fba73648229078ae5b680', '556fbac3d489d591e7567790', '2015-12-06 12:40:49'),
('559211d802decd6b16e35fba', 'change workflow company registration', '54d9dec1124032a769ab7b1e', '55e00d4e15b58c91b17bb90c', '2015-12-06 12:40:46'),
('5594ae595227f0e29e7bd72f', 'Gallery', '54ed90cc0d7a7efef8d8d804', '54ed90d9ab2bf223511e8c3e', '2015-12-06 12:33:45'),
('5594bc15405fd71285e71b28', 'Create add and remove field function', '55262acab98b55e0cdc10cdf', '55c1d7d8a46826c5797f4af9', '2015-12-06 12:40:14'),
('559604e991d7845438aa2b74', 'Resend email verification in admin page', '556fba73648229078ae5b680', '556fbac3d489d591e7567790', '2015-12-06 12:40:48'),
('559e3b20eb46e1b0ba318e88', 'Add notification for input form, upload', '55262acab98b55e0cdc10cdf', '55262ad185ea28f5b0859d72', '2015-12-06 12:35:11'),
('55a471ea765dbbfb105edbad', 'Problem Detail', '552e15e9d806e0679200186f', '552e1639f57c2ea61cd3a14f', '2015-12-06 12:33:46'),
('55a4878f638a402d314e6efb', 'implement design front page', '55262acab98b55e0cdc10cdf', '55262ad185ea28f5b0859d72', '2015-12-06 12:40:49'),
('55a4b85b088b151a25f7bef2', 'SUBMIT ISSUE - Change Location to autocomplete with google data', '552e15e9d806e0679200186f', '552e1639f57c2ea61cd3a14f', '2015-12-06 12:33:46'),
('55a5cff8dd18fa3abbee9d4a', '5-pillars : TV-services, Radio Services should be centered align, same with connected services etc.', '54ed90cc0d7a7efef8d8d804', '54ed90d9ab2bf223511e8c3e', '2015-12-06 12:40:49'),
('55a5d027eae2d6c657001933', 'Newsroom : Paper clipping thumb is clickable to view full size image.', '54ed90cc0d7a7efef8d8d804', '54ed90d9ab2bf223511e8c3e', '2015-12-06 12:40:49'),
('55a5d0323ff379f9a3b5a03f', 'Career : put shadow in “talent@mtvb.my"', '54ed90cc0d7a7efef8d8d804', '54ed90d9ab2bf223511e8c3e', '2015-12-06 12:40:48'),
('55a5d04533520338acca9b5d', 'Newsroom submenu:', '54ed90cc0d7a7efef8d8d804', '54ed90d9ab2bf223511e8c3e', '2015-12-06 12:40:48'),
('55a5d05a5a7aee7815ca1645', 'Newsroom: add Media title next to news title in the listing page, example: “New Sunday Times: Aiming for Digital Progress"', '54ed90cc0d7a7efef8d8d804', '54ed90d9ab2bf223511e8c3e', '2015-12-06 12:40:48'),
('55a5d06d9a8dcfb75cf77de7', 'Bahasa: semua tanggal ditranslate jadi bahasa (D MON YYYY), nama2 bulan:', '54ed90cc0d7a7efef8d8d804', '54ed90d9ab2bf223511e8c3e', '2015-12-06 12:40:48'),
('55a5d096d526a48a7bd37f9e', 'Add linkedIn social media button (share to linkedIn)', '54ed90cc0d7a7efef8d8d804', '54ed90d9ab2bf223511e8c3e', '2015-12-06 12:40:48'),
('55af0f1372b1cbb8b504b1e1', 'Implement Problem set as Favorite & Unfavorite', '552e15e9d806e0679200186f', '552e1639f57c2ea61cd3a14f', '2015-12-06 12:33:46'),
('55af2b53bbe5c83dcf4d9b9b', 'Show Most Favorite Problem List on Favorite Tab', '552e15e9d806e0679200186f', '552e1639f57c2ea61cd3a14f', '2015-12-06 12:33:46'),
('55b60596c4c06d4d09abf71f', 'ADMIN - create new page & fix drag & drop component bug', '55262acab98b55e0cdc10cdf', '55262ad185ea28f5b0859d72', '2015-12-06 12:33:44'),
('55b6f7261b55a9fc9214ca51', 'design for surveyor', '55262acab98b55e0cdc10cdf', '55262ad498c0d3c1fa010eb1', '2015-12-06 12:40:22'),
('55b8583a65d5e3299091edd9', '[2] Register for university', '55262acab98b55e0cdc10cdf', '55262ad185ea28f5b0859d72', '2015-12-06 12:33:47'),
('55b8586fe2f6e7f1872603c8', 'content for front page trace x', '55262acab98b55e0cdc10cdf', '55262acce0cb50dfb4e1ba89', '2015-12-06 12:27:27'),
('55b85c27746dd36e20d712f4', 'create download format excell for import mahasiswa', '55262acab98b55e0cdc10cdf', '55262ad185ea28f5b0859d72', '2015-12-06 12:35:11'),
('55b8a0e09f34f0eb58e18432', '[5] ADMIN - Save new page to database & save valid page_id when save question', '55262acab98b55e0cdc10cdf', '55262ad185ea28f5b0859d72', '2015-12-06 12:33:44'),
('55badc1b2bfd98d65a9a876d', 'move tooltip position in main menu to the side', '54d9dec1124032a769ab7b1e', '55d6ed8f076641ad8b4867b8', '2015-12-06 12:40:48'),
('55badc26fea854f9bc66f244', 'in registration form, when show password, the tick icon position move over the place', '54d9dec1124032a769ab7b1e', '54d9dec1124032a769ab7b21', '2015-12-06 12:40:45'),
('55badc2c850ba51ae73e621c', 'change email content footer email address to “contact@bizcontineo.com"', '54d9dec1124032a769ab7b1e', '54d9dec1124032a769ab7b21', '2015-12-06 12:40:45'),
('55badc32231742379a634c8d', 'make the email content mobile responsive ( nice display in mobile phone )', '54d9dec1124032a769ab7b1e', '54d9dec1124032a769ab7b21', '2015-12-06 12:40:45'),
('55badc3a03176a5c9aa82bb7', 'make the profile form UI after registration same theme with other forms, like button color and style', '54d9dec1124032a769ab7b1e', '54d9dec1124032a769ab7b21', '2015-12-06 12:40:45'),
('55badc4352cec1efe7b1e442', 'only company admin can access List employee and Employee’s contact submenu', '54d9dec1124032a769ab7b1e', '54d9dec1124032a769ab7b21', '2015-12-06 12:40:45'),
('55badc49a64379f02460956e', 'make sure the people recommendation section items are same with in mobile version.', '54d9dec1124032a769ab7b1e', '55e00d4e15b58c91b17bb90c', '2015-12-06 12:40:47'),
('55badc5c962b086e2596a98e', 'prevent duplication in company registration. Detect company name, prompt user if there is already registered company name: “<Company Name> is already registered in Bizcontineo and still waiting for approval. Please fill another company name or contact <Co', '54d9dec1124032a769ab7b1e', '55d6ed8f076641ad8b4867b8', '2015-12-06 12:40:48'),
('55badc6c3eb9bc2fec19395b', 'Delete note is not working', '54d9dec1124032a769ab7b1e', '54d9dec1124032a769ab7b21', '2015-12-06 12:40:45'),
('55badc7e98c7f39f24743ddb', 'Add note, image is not uploaded. It appears the first time, but when refresh, not appear again', '54d9dec1124032a769ab7b1e', '54d9dec1124032a769ab7b21', '2015-12-06 12:40:45'),
('55badc85a78af4d32431b8f1', 'Edit mode couldn''t upload new image. Edit note also is not working', '54d9dec1124032a769ab7b1e', '56122814fd85b65747838972', '2015-12-06 12:40:46'),
('55badc8ba5ff9194e42dfa74', 'add edit button when view note details', '54d9dec1124032a769ab7b1e', '54d9dec1124032a769ab7b21', '2015-12-06 12:40:45'),
('55badc9271b0467e25808ffc', 'make the notification message after edit/delete between “add note” and note list', '54d9dec1124032a769ab7b1e', '54d9dec1124032a769ab7b21', '2015-12-06 12:40:44'),
('55badc99950f3a46251c88c5', 'search note is not working', '54d9dec1124032a769ab7b1e', '54d9dec1124032a769ab7b21', '2015-12-06 12:40:44'),
('55badca2bd2daceb48bb6cce', 'make people you may know (contact recommendation) able to be added.', '54d9dec1124032a769ab7b1e', '55e00d4e15b58c91b17bb90c', '2015-12-06 12:40:47'),
('55bb0de4ce6dc34fe7383fd9', 'Delete component (admin page)', '55262acab98b55e0cdc10cdf', '55262ad185ea28f5b0859d72', '2015-12-06 12:40:48'),
('55bedfe349354a155ea05ba9', 'RECEPTIONIST : Unverified guest can check in', '556fba73648229078ae5b680', '556fbac3d489d591e7567790', '2015-12-06 12:33:44'),
('55bf379fbdf52062e25401f9', '[3] check responsive design', '55262acab98b55e0cdc10cdf', '55262acfed48531bfd3eb295', '2015-12-06 12:40:14'),
('55bf37b5a65dcfa8d8aba38c', '[3] university admin can publish 1 survey and make many drafts', '55262acab98b55e0cdc10cdf', '55f6460d4081c6f12f5f1484', '2015-12-06 12:40:18'),
('55bf3b592cfdae3444a11563', 'create design dasboard (pie chart, list question, tutorial)', '55262acab98b55e0cdc10cdf', '55262ad185ea28f5b0859d72', '2015-12-06 12:40:25'),
('55c1d74cfe25da269f7340c1', '[1] view alumni data detail', '55262acab98b55e0cdc10cdf', '55262ad185ea28f5b0859d72', '2015-12-06 12:35:11'),
('55c1d791e9df6d0d53e13823', '[1] delete alumni data', '55262acab98b55e0cdc10cdf', '55262ad185ea28f5b0859d72', '2015-12-06 12:35:11'),
('55c1db582375981e9fbfb5ac', '[1] send email to alumni', '55262acab98b55e0cdc10cdf', '55262ad185ea28f5b0859d72', '2015-12-06 12:35:11'),
('55c1e060bec52d2baf042bfd', '[2] Design registration form', '55262acab98b55e0cdc10cdf', '55262ad185ea28f5b0859d72', '2015-12-06 12:40:25'),
('55c1e099f9bead9f6cbbb046', '[2] Upload Payment Evidence', '55262acab98b55e0cdc10cdf', '55262ad185ea28f5b0859d72', '2015-12-06 12:33:47'),
('55c1e1118081c25a17480466', '[2] Admin can view and approve university', '55262acab98b55e0cdc10cdf', '55d6d17828451a8d59d096af', '2015-12-06 12:40:38'),
('55c2fa18edbedc44afe7760b', 'company admin can upload company logo', '54d9dec1124032a769ab7b1e', '54d9dec1124032a769ab7b21', '2015-12-06 12:40:44'),
('55c307a9b030cd56bde3d7fe', '[6] Update industry field in contact form', '54d9d75765d57c1b287b1619', '55f278807084ae17ec5cf838', '2015-12-06 12:28:53'),
('55c33a07dd9369618f447b1f', '[9] Migrate feature Login from Eclipse?Android Studio project', '54d9d75765d57c1b287b1619', '55e95d0af69335523727bae3', '2015-12-06 12:28:31'),
('55c832b38c4ce000827c8e0b', 'Save Datatables State', '55262acab98b55e0cdc10cdf', '55262acfed48531bfd3eb295', '2015-12-06 12:33:43'),
('55c83ac5117e03c721514e1c', '[5] add tooltip for all question marks icon', '55262acab98b55e0cdc10cdf', '55262ad185ea28f5b0859d72', '2015-12-06 12:35:11'),
('55c83b39b832eaa5b260eed8', '[5] floating menu fixed position', '55262acab98b55e0cdc10cdf', '55262ad185ea28f5b0859d72', '2015-12-06 12:40:19'),
('55c83b6db5d7d122c5db3191', '[5] create new question, scroll window focus to that question', '55262acab98b55e0cdc10cdf', '55c1d7d8a46826c5797f4af9', '2015-12-06 12:40:14'),
('55c83c0751dceffc7e40f8af', '[5] validation form question when', '55262acab98b55e0cdc10cdf', '55f6460d4081c6f12f5f1484', '2015-12-06 12:40:18'),
('55c83c28a83161242ba36e2c', '[5] margin bottom form question', '55262acab98b55e0cdc10cdf', '55262ad185ea28f5b0859d72', '2015-12-06 12:40:20'),
('55c83d0cc69da394833393ea', '[5] double click on question item add new question', '55262acab98b55e0cdc10cdf', '55d6d17828451a8d59d096af', '2015-12-06 12:33:44'),
('55c83d4415cb929652210757', '[5] use dialog box UI for every confirmation', '55262acab98b55e0cdc10cdf', '55262acce0cb50dfb4e1ba89', '2015-12-06 12:33:43'),
('55c83d6ed52219348aaf6cfc', '[5] create dialog box UI', '55262acab98b55e0cdc10cdf', '55262ad185ea28f5b0859d72', '2015-12-06 12:40:24'),
('55c83e8dbeeca079a01f10f5', '[5] save & display existing question form from database', '55262acab98b55e0cdc10cdf', '55f6460d4081c6f12f5f1484', '2015-12-06 12:40:48'),
('55c83fafb945573c4e48e928', '[5] survey page display in tab (university admin page)', '55262acab98b55e0cdc10cdf', '55262acce0cb50dfb4e1ba89', '2015-12-06 12:33:43'),
('55c83fd88b197a5ea3dfe053', '[5] design UI tab for survey page', '55262acab98b55e0cdc10cdf', '55262ad185ea28f5b0859d72', '2015-12-06 12:40:24'),
('55c841b7f70edd8e2188958b', '[4] track alumni progress (database)', '55262acab98b55e0cdc10cdf', '55f6460d4081c6f12f5f1484', '2015-12-06 12:35:48'),
('55c86b2eafb444cef7c11675', 'notifikasi sukses/gagal registrasi', '55262acab98b55e0cdc10cdf', '55262ad185ea28f5b0859d72', '2015-12-06 12:40:25'),
('55c86c8799c7d81c25c9a310', 'design upload payment page', '55262acab98b55e0cdc10cdf', '55262ad185ea28f5b0859d72', '2015-12-06 12:40:24'),
('55c87647e1122706a04ac5f0', '[8] Add edit university profile page, and allow university to upload their logo', '55262acab98b55e0cdc10cdf', '55c1c44be015638a6c16fb45', '2015-12-06 12:40:18'),
('55c97b9a91a247cbfa0d588b', '[12] Invite non-user (via email) to BizContineo immediately after added on.', '54d9d75765d57c1b287b1619', '55f278807084ae17ec5cf838', '2015-12-06 12:28:52'),
('55c99f7ef870ced799708a5d', 'design side menu', '55262acab98b55e0cdc10cdf', '55262ad185ea28f5b0859d72', '2015-12-06 12:40:24'),
('55cae82db08cd84786bce9e3', '[9] Migrate "Contact Edit" from Eclipse?Android Studio project', '54d9d75765d57c1b287b1619', '55139e3a062b3802a72d9df7', '2015-12-06 12:28:31'),
('55cae88707f83caef217f272', '[9] Migrate "Advanced Search" from Eclipse?Android Studio project', '54d9d75765d57c1b287b1619', '55e95d0af69335523727bae3', '2015-12-06 12:28:31'),
('55cc20519338f39364424ab7', '[5] question component can drop entire page', '55262acab98b55e0cdc10cdf', '55c1d7d8a46826c5797f4af9', '2015-12-06 12:33:43'),
('55cd3c0aeb8b6e0f74b1423c', '[5] add friend request history, sent, received, referred', '54d9d75765d57c1b287b1619', '55cd3ae03ff58e3fc2dcf5f1', '2015-12-06 12:40:26'),
('55d29bf04f55331ae5406c36', 'Delete all duplicate companies in database', '54d9dec1124032a769ab7b1e', '55e00d4e15b58c91b17bb90c', '2015-12-06 12:40:47'),
('55d29d9d9915a9fa7ec99231', 'make all text area field fixed (not resizeable). Example is in note description field when create or edit note.', '54d9dec1124032a769ab7b1e', '55d6ed8f076641ad8b4867b8', '2015-12-06 12:40:48'),
('55d29e43caa1877ae51972fb', 'Truncate user info if exceed thumbnails are. Truncate it nicely.', '54d9dec1124032a769ab7b1e', '55d2d17d07561454589c3772', '2015-12-06 12:40:48'),
('55d29f13580b6ffc473f0473', 'There is glitch when searching a note without keyword', '54d9dec1124032a769ab7b1e', '55d2d17d07561454589c3772', '2015-12-06 12:40:48'),
('55d2c20717f023be6e8ce2f9', '[3] Fix UI design forsurvey page for alumni', '55262acab98b55e0cdc10cdf', '55c1c44be015638a6c16fb45', '2015-12-06 12:35:48'),
('55d2c6110f9b0ad70b95aaa7', 'Fix all alumni form bugs', '55262acab98b55e0cdc10cdf', '55d6d17828451a8d59d096af', '2015-12-06 12:35:11'),
('55d2d20bce02571f756d5444', 'Remove glitch when hovering contact''s thumbnails. Truncate the description text if necessary', '54d9dec1124032a769ab7b1e', '55d6ed8f076641ad8b4867b8', '2015-12-06 12:40:47'),
('55d2d2621a26fe465800b5d6', 'fix load more contact bug in contact list', '54d9dec1124032a769ab7b1e', '55e00d4e15b58c91b17bb90c', '2015-12-06 12:40:47'),
('55d2d2bab3605eaf0b498684', 'implement filter by relationship type function in contact list page', '54d9dec1124032a769ab7b1e', '55e00d4e15b58c91b17bb90c', '2015-12-06 12:40:47'),
('55d2d30907fa424f1d7f9746', 'implement search contact function in contact list form', '54d9dec1124032a769ab7b1e', '54d9dec1124032a769ab7b21', '2015-12-06 12:40:45'),
('55d2e629c58beb1e67df447b', 'remove "switch to company account". Auto detect if a user is company admin then, "briefcase" icon is to access company page and others.', '54d9dec1124032a769ab7b1e', '55e00d4e15b58c91b17bb90c', '2015-12-06 12:40:47'),
('55d2e67311153cf91e90e539', 'move "add employee" form in employee list to top center like in "Notes"', '54d9dec1124032a769ab7b1e', '55e00d4e15b58c91b17bb90c', '2015-12-06 12:40:48'),
('55d2f0af83b50ef6574e27b1', '[4] add sync notes to company', '54d9d75765d57c1b287b1619', '55e95d0af69335523727bae3', '2015-12-06 12:28:53'),
('55d2f16ce4ff9428e559fdb3', 'display employee''s synchronized notes', '54d9dec1124032a769ab7b1e', '55e00d4e15b58c91b17bb90c', '2015-12-06 12:40:46'),
('55d2f6ddfa0842277596c0e1', 'Design edit profile university', '55262acab98b55e0cdc10cdf', '55d6d17828451a8d59d096af', '2015-12-06 12:40:24'),
('55d2f7746825c1fd7480c5ae', 'incorporate mynef_bda project bidding feature to ibme-revamp', '5526010f65eb020f14f1a049', '552601179ff13ecdfd6a8462', '2015-12-06 12:40:40'),
('55d2f7bb584be134e578fa97', 'design new ibme logo', '5526010f65eb020f14f1a049', '552601164b689b1a67ca7d69', '2015-12-06 12:40:24'),
('55d2fcf16910e5df02921f93', 'Add "Analytics" submenu under company', '54d9dec1124032a769ab7b1e', '54d9dec1124032a769ab7b21', '2015-12-06 12:40:44'),
('55d6ed8c15d537adc1d94b5f', '[9] Migrate "New Note" from Eclipse?Android Studio project', '54d9d75765d57c1b287b1619', '55f278807084ae17ec5cf838', '2015-12-06 12:28:31'),
('55d6eef2c60847da6b02c0ce', '[9] Migrate "Edit Note" from Eclipse?Android Studio project', '54d9d75765d57c1b287b1619', '54d9df9f4307fd57405488b0', '2015-12-06 12:28:51'),
('55d9e7931125eabaccc8de18', 'Change error message', '54d9dec1124032a769ab7b1e', '55e00d4e15b58c91b17bb90c', '2015-12-06 12:40:47'),
('55da7ad780d0050c1b47f93c', 'PHP error in contact list in 198 server', '54d9dec1124032a769ab7b1e', '55e00d4e15b58c91b17bb90c', '2015-12-06 12:40:48'),
('55da979c3eaea88bdac68ec2', 'Create groups for employee contacts', '54d9dec1124032a769ab7b1e', '55e00d4e15b58c91b17bb90c', '2015-12-06 12:40:46'),
('55da97df5b181ef1b8b6d5e6', 'implement social graph (add submenu social graph under Company menu)', '54d9dec1124032a769ab7b1e', '55e00d4e15b58c91b17bb90c', '2015-12-06 12:33:44'),
('55da981eb980f1b5cccb90a9', 'limit employee numbers per subscription to 5 or incremental of 5 (1 company admin, 4 employee)', '54d9dec1124032a769ab7b1e', '54d9dec1124032a769ab7b21', '2015-12-06 12:40:45'),
('55da9fedc12601ecb8584cfa', 'create new IBME instance from ibme-revamp. The name is MTEM, url http://198.61.173.72/MTEM', '5526010f65eb020f14f1a049', '552601179ff13ecdfd6a8462', '2015-12-06 12:40:19'),
('55da9ffb4da5027a682d4b39', 'import new companies data', '5526010f65eb020f14f1a049', '552601164b689b1a67ca7d69', '2015-12-06 12:40:14'),
('55daa00db1e2349dccd99ebf', '[MTEM] disable company data editing from front end', '5526010f65eb020f14f1a049', '552601179ff13ecdfd6a8462', '2015-12-06 12:40:19'),
('55dab5b2c71fac8fcc629bdc', 'change repository from SVN to GIT', '5526010f65eb020f14f1a049', '552601179ff13ecdfd6a8462', '2015-12-06 12:40:19'),
('55dab9cfe946cfcdb82ddc36', 'add download button for android app in landing page', '54d9dec1124032a769ab7b1e', '55e00d4e15b58c91b17bb90c', '2015-12-06 12:40:47'),
('55dada9211f460c10908a21e', '[3] take picture from camera not working for the first take, second take works.', '54d9d75765d57c1b287b1619', '54d9df9f4307fd57405488b0', '2015-12-06 12:28:31'),
('55dae0404b6d08e1cc7c40e1', 'Add verification when company admin add an employee (check wether the email is a bizcontineo user or not)', '54d9dec1124032a769ab7b1e', '55e00d4e15b58c91b17bb90c', '2015-12-06 12:40:46'),
('55dae1bf2f9905e3c091e8f4', '[BUG] edit profile fields were reset when upload a picture', '54d9dec1124032a769ab7b1e', '54d9dec1124032a769ab7b21', '2015-12-06 12:40:44'),
('55dbd7bf35664e0daf6f7a6f', 'add company admin to list employee', '54d9dec1124032a769ab7b1e', '55e00d4e15b58c91b17bb90c', '2015-12-06 12:40:47'),
('55dc1f966239e53d7b151f07', '[9] Migrate "Edit Profile" from Eclipse?Android Studio project', '54d9d75765d57c1b287b1619', '55f278807084ae17ec5cf838', '2015-12-06 12:28:31'),
('55dc381f688d683e88b2652a', 'Change some label messages (Attached)', '54d9adc1de399b8205d1c2a7', '54db050876da506d47f7ecfc', '2015-12-06 12:27:31'),
('55dd887cf62daddcfe5dc916', 'create testing data for social graph using Mobilus Interactive company and arizka.dikson@gmail.com as admin', '54d9dec1124032a769ab7b1e', '55e00d4e15b58c91b17bb90c', '2015-12-06 12:33:44'),
('55e01a2525b8afacc322db60', 'make sure user cannot edit other user''s note', '54d9dec1124032a769ab7b1e', '55e00d4e15b58c91b17bb90c', '2015-12-06 12:40:47'),
('55e02d300373c9f154125b2e', '[14] Fix loading circle position in every page (make it center)', '54d9d75765d57c1b287b1619', '55c1b17cacbe1fa9743965b3', '2015-12-06 12:40:26'),
('55e0324c85168d40c38d6145', '[14] Implement Titles capitalization rules:', '54d9d75765d57c1b287b1619', '55c1b17cacbe1fa9743965b3', '2015-12-06 12:40:26'),
('55e3c6d9e2345713278d7d3a', '[4] BUG - Glitches when refreshing contacts list', '54d9d75765d57c1b287b1619', '55e95d0af69335523727bae3', '2015-12-06 12:28:53'),
('55e3db8e5bec0fe17a8615c3', '[1] fix import contact bug', '54d9d75765d57c1b287b1619', '55e95d0af69335523727bae3', '2015-12-06 12:28:53'),
('55e421e9d897bb0c58a32e63', 'Add bid bda project feature in user page', '5526010f65eb020f14f1a049', '552601179ff13ecdfd6a8462', '2015-12-06 12:40:39'),
('55e670deb8a6ad1f642e12fe', '[8] fix contact update bug, notification and update function not working', '54d9d75765d57c1b287b1619', '55f278807084ae17ec5cf838', '2015-12-06 12:28:31'),
('55e6720cc3b57cecb40c7e7b', '[8] Migrate company history to android studio', '54d9d75765d57c1b287b1619', '55f278807084ae17ec5cf838', '2015-12-06 12:28:53'),
('55e678dd59909f01d95f385b', '[4] view survey progress', '55262acab98b55e0cdc10cdf', '55f6460d4081c6f12f5f1484', '2015-12-06 12:35:48'),
('55e7efccc82c3b8761408e4b', 'Handle clicking on text reads "XXX mutual contacts" or "XXX is owner of this contact". It should open contact detail of the mutual contact.', '54d9d75765d57c1b287b1619', '55e95d0af69335523727bae3', '2015-12-06 12:28:31'),
('55e80ff726f366396460fb6c', '[6] BUG - sometime, login then logout then login with different user not working. Infinite loading.', '54d9d75765d57c1b287b1619', '55e95d0af69335523727bae3', '2015-12-06 12:28:53'),
('55e816307091b8b9105dc88a', 'BUG FIX : Prevent SearchView to launch new activity every time a suggestion clicked. Rather just refresh the current activity with new query.', '54d9d75765d57c1b287b1619', '55e95d0af69335523727bae3', '2015-12-06 12:28:31'),
('55e9464cc2602e6d37cba384', '[BUG] search note "degwet" from arizka''s account, have 2 results, actually just one.', '54d9dec1124032a769ab7b1e', '55e00d4e15b58c91b17bb90c', '2015-12-06 12:40:46'),
('55e946b22867369578d4c81e', '[BUG] Drop down "visibility" have many "private" and public items', '54d9dec1124032a769ab7b1e', '55e00d4e15b58c91b17bb90c', '2015-12-06 12:40:46'),
('55e961826037e1c892f5866d', 'Validasi email & phone saat edit contact. Nggak boleh ada yg sama.', '54d9d75765d57c1b287b1619', '55f278807084ae17ec5cf838', '2015-12-06 12:28:53'),
('55e96464f088c9fe92d975e5', '[BUG] A have B. B have A. A delete B. A invite B again with different "relation". B is added to A automatically. "Relation" not changed.', '54d9d75765d57c1b287b1619', '55f278807084ae17ec5cf838', '2015-12-06 12:28:52'),
('55ed57e49ff681dd7484cd9f', 'BUG - Wrong value in calculating bnv', '54d9d75765d57c1b287b1619', '55f278807084ae17ec5cf838', '2015-12-06 12:28:52'),
('55ee8c5c4f71bfce90765ba8', '[3] Add hotspot to itinerary', '54d9adc1de399b8205d1c2a7', '55dc3af23fc77d735efd22ca', '2015-12-06 12:28:32'),
('55ee8f34e41dbd749503d980', 'Go to hotspot detail when click on the thumbnail image in the map', '54d9adc1de399b8205d1c2a7', '55dc3af23fc77d735efd22ca', '2015-12-06 12:28:32'),
('55eea0af396febb0dec54a22', 'Remake UI Hotspot Detail', '54d9adc1de399b8205d1c2a7', '55dc3af23fc77d735efd22ca', '2015-12-06 12:28:32'),
('55eea28eb2dab4f973146339', 'Tag style for tagged place in itinerary activity', '54d9adc1de399b8205d1c2a7', '54d9dfd6825e91d7d95541fe', '2015-12-06 12:28:32'),
('55eeb08a605b79f7e81c8cf7', 'Rename "Itinerary" to "Travel Itinerary"', '54d9adc1de399b8205d1c2a7', '55dc3af23fc77d735efd22ca', '2015-12-06 12:28:32'),
('55eeb926e96a828633eaf509', 'Change "Bookings" label to “Broadcasts"', '55779fcf813e048489823eef', '55eeb914e74481bd74ba380a', '2015-12-06 12:40:26'),
('55eeb9436108a2e8f76e1250', 'Change “My Jobs” label to “Active Booking"', '55779fcf813e048489823eef', '55eeb914e74481bd74ba380a', '2015-12-06 12:40:27'),
('55eeb96fc4e86c891d4bd48c', 'Remove Menu “Receive Jobs”, “Transaction History", "Settings"', '55779fcf813e048489823eef', '55eeb914e74481bd74ba380a', '2015-12-06 12:40:27'),
('55ef9da68fee5295f5f0782b', 'Change “Job History” label to “Booking History"', '55779fcf813e048489823eef', '55eeb914e74481bd74ba380a', '2015-12-06 12:40:27'),
('55efab68bf6d75a4f7306e9f', '[5] explore question trace-x (multiple choice)', '55262acab98b55e0cdc10cdf', '55c1c44be015638a6c16fb45', '2015-12-06 12:40:18'),
('55f00043c30be95321a36995', 'new icon for company analytic, report and social graph', '54d9dec1124032a769ab7b1e', '54d9dec1124032a769ab7b21', '2015-12-06 12:40:45'),
('55f0f20786fcddab934dbf5d', 'Improve user experience: add loading notice in listing page instead of empty page without activity', '55779fcf813e048489823eef', '55eeb914e74481bd74ba380a', '2015-12-06 12:40:26'),
('55f1097e6fb993e75ed64f48', 'different color for sidebar in contact list page', '54d9dec1124032a769ab7b1e', '55e00d4e15b58c91b17bb90c', '2015-12-06 12:40:46'),
('55f10cc363da2e90f0dbcec3', 'change "Add Employee" to "Invite Employee"', '54d9dec1124032a769ab7b1e', '55e00d4e15b58c91b17bb90c', '2015-12-06 12:40:46'),
('55f110c8fd55444089d708a2', 'Change text in email popup', '54d9dec1124032a769ab7b1e', '55e00d4e15b58c91b17bb90c', '2015-12-06 12:40:46'),
('55f111df426476f427ece23a', 'Select member of group in employee''s contact use datatable', '54d9dec1124032a769ab7b1e', '55e00d4e15b58c91b17bb90c', '2015-12-06 12:40:46'),
('55f111fe5f1801749365b25d', 'alert delete group use default alert', '54d9dec1124032a769ab7b1e', '54d9dec1124032a769ab7b21', '2015-12-06 12:40:45'),
('55f11250ddd30d453d22f1fe', 'contact list change to 4 column in MAC', '54d9dec1124032a769ab7b1e', '55e00d4e15b58c91b17bb90c', '2015-12-06 12:40:46'),
('55f11262f7c2016b3dd8353e', 'change design employee list to datatable', '54d9dec1124032a769ab7b1e', '55e00d4e15b58c91b17bb90c', '2015-12-06 12:40:46'),
('55f23aeb35e3215d14f0420e', '[BUG] if i scan a biz card and save it. The biz card thumb shud be shown in contact list.', '54d9d75765d57c1b287b1619', '55139e3a062b3802a72d9df7', '2015-12-06 12:28:52'),
('55f23af9faec64697aaa861b', '[BUG] Typo on form. Lasst Name.', '54d9d75765d57c1b287b1619', '55f278807084ae17ec5cf838', '2015-12-06 12:28:52'),
('55f23b2595193323aa73a075', '[5] When sending referral request. Dialog text should be "Referral Sent" not "Reference Sent"', '54d9d75765d57c1b287b1619', '55f278807084ae17ec5cf838', '2015-12-06 12:28:52'),
('55f23b6355eb4b8d8c558e1d', '[BUG] Do new registration process for bizcontineo. I click on the confirm email but i can''t input data into the first name and last name', '54d9d75765d57c1b287b1619', '55c1b17cacbe1fa9743965b3', '2015-12-06 12:40:13'),
('55f23b7a09a93b68aaed8f97', '[BUG ] when u create an account you input handphone no but when you edit your profile, the handphone no is not there.', '54d9d75765d57c1b287b1619', '55f278807084ae17ec5cf838', '2015-12-06 12:28:52'),
('55f23bb3100eef9025427f3a', '[BUG ] When you search for example the word investment, you will find contacts which belong to lets say Azri. Clicking on the image thumb of that contact will lead u to a blank biz card..', '54d9d75765d57c1b287b1619', '55f278807084ae17ec5cf838', '2015-12-06 12:28:52'),
('55f23be47ce13fd0cebdd0b8', '[BUG] When u view ur recommendations and add a contact and the request is sent. I notice that u have an alert under Contact Request but when u open it, it shows blank and then dissappears', '54d9d75765d57c1b287b1619', '55139e3a062b3802a72d9df7', '2015-12-06 12:28:52'),
('55f23c0fa112458714e337bd', '[BUG] Check bizcontineo account azzuddin@gmail.com, azudin041069. The new card i scanned Chang Guan Chew card does not show up in contact..', '54d9d75765d57c1b287b1619', '55f278807084ae17ec5cf838', '2015-12-06 12:28:52'),
('55f23c3ee645196a00473286', '[BUG] Account ajakq8@yahoo.com got problem. After i''ve accepted Azzudin''s contact request, the contact did not appear on list after i''ve accepted the request. After i log out and relogin, now there is only 2 contacts when it shud be 4..', '54d9d75765d57c1b287b1619', '55f278807084ae17ec5cf838', '2015-12-06 12:28:52'),
('55f24953e3040da436681c83', '[BUG] When adding contact via "Contact Request", BNV is not calculated immediately.', '54d9d75765d57c1b287b1619', '55f278807084ae17ec5cf838', '2015-12-06 12:28:52'),
('55f24f8be942168daa2a2033', '[BUG] go to "contact details" from "show contacts". you got blank in viewing some contacts.', '54d9d75765d57c1b287b1619', '55f278807084ae17ec5cf838', '2015-12-06 12:28:53'),
('55f27cb5fbd1ad690cffbdd9', '[BUG] Search contact, go to detail, delete, FORCE CLOSE''', '54d9d75765d57c1b287b1619', '55139e3a062b3802a72d9df7', '2015-12-06 12:28:52'),
('55f27fb0b463ecba148e8dc0', 'Waktu add email field dicek dulu apakah masih ada email field yang kosong', '54d9d75765d57c1b287b1619', '55139e3a062b3802a72d9df7', '2015-12-06 12:28:52'),
('55f283207ce13fd0cebe04c8', 'Add via button on list of search result. success. button not disabled/gone.', '54d9d75765d57c1b287b1619', '55139e3a062b3802a72d9df7', '2015-12-06 12:28:52'),
('55f28c5b0d06c7c4870227e2', 'A send contact request by referral to C via B. B refer to C. A get a blank contact request.', '54d9d75765d57c1b287b1619', '55139e3a062b3802a72d9df7', '2015-12-06 12:28:52'),
('55f28ced68b7ebaf875ffe5c', 'klik notif waktu ada contact confirmation, masuk contact detail, back, langsung keluar, padahal ada activity lain yang masih aktif', '54d9d75765d57c1b287b1619', '54d9df9f4307fd57405488b0', '2015-12-06 12:28:51'),
('55f297e623a4c70ceaf3bdb9', 'B not a user. A add B manually. B register as user. data of B in A replaced.', '54d9d75765d57c1b287b1619', '55139e3a062b3802a72d9df7', '2015-12-06 12:28:52'),
('55f2a90c67f04fcd259140ee', 'after create group, back to tab group', '54d9dec1124032a769ab7b1e', '54d9dec1124032a769ab7b21', '2015-12-06 12:40:44'),
('55f2ab25f04c475b112d3607', 'change design sync contact to datatable', '54d9dec1124032a769ab7b1e', '54d9dec1124032a769ab7b21', '2015-12-06 12:40:45'),
('55fa683dd51df5b03e906665', '[1] System setting management - General', '55f9019980d025a683dc636a', '55f901cbd0791bbf5dd732f0', '2015-12-06 12:33:50'),
('55fa68516be138f8e0f5ef71', '[1] Audit trail', '55f9019980d025a683dc636a', '55f901cbd0791bbf5dd732f0', '2015-12-06 12:40:56'),
('55fa6864be3aa238faab1a2e', '[1] About VEP', '55f9019980d025a683dc636a', '55f901cbd0791bbf5dd732f0', '2015-12-06 12:40:43'),
('55fa686edd426bed3fc1f071', '[1] FAQ', '55f9019980d025a683dc636a', '55f901cbd0791bbf5dd732f0', '2015-12-06 12:40:43'),
('55fa687883aa98583d96527b', '[1] Terms and Condition', '55f9019980d025a683dc636a', '55f901cbd0791bbf5dd732f0', '2015-12-06 12:40:43'),
('55fa68855b0fe76caffec7ea', '[1] Data Protection', '55f9019980d025a683dc636a', '55f901cbd0791bbf5dd732f0', '2015-12-06 12:40:43'),
('55fa688ca9e3c92ccab856f6', '[1] Announcement', '55f9019980d025a683dc636a', '55f901cbd0791bbf5dd732f0', '2015-12-06 12:40:43'),
('55fa689653ec7dda3ece7479', '[1] Feedback', '55f9019980d025a683dc636a', '55f901cbd0791bbf5dd732f0', '2015-12-06 12:40:43'),
('55fa68a0b271840912c8748c', '[1] Contact Us', '55f9019980d025a683dc636a', '55f901cbd0791bbf5dd732f0', '2015-12-06 12:40:44'),
('55fa68b16d99225cca342727', '[1] Notification management', '55f9019980d025a683dc636a', '55f901cbd0791bbf5dd732f0', '2015-12-06 12:33:50'),
('55fa690f2727387e15351250', '[1] System setting management - vehicle class', '55f9019980d025a683dc636a', '560a5e922e88c7760ae41387', '2015-12-06 12:40:56'),
('55fa694d28be5a0cca6619d2', '[1] System setting management - payment method', '55f9019980d025a683dc636a', '55f901cbd0791bbf5dd732f0', '2015-12-06 12:40:56'),
('55fa696a2727387e153512bb', '[1] System setting management - Lane Controller System IP address', '55f9019980d025a683dc636a', '55f901cbd0791bbf5dd732f0', '2015-12-06 12:40:43'),
('55fa69b2be89b3757035889c', '[1] Security log', '55f9019980d025a683dc636a', '55f901cbd0791bbf5dd732f0', '2015-12-06 12:40:56'),
('55fb8cf709343eda9b8460ca', '[1] Administration module user menu', '55f9019980d025a683dc636a', '55f901cbd0791bbf5dd732f0', '2015-12-06 12:33:49'),
('55fbaa4b4cdce0c89b826ae8', 'UI Enhancement', '55f9019980d025a683dc636a', '55f901cbd0791bbf5dd732f0', '2015-12-06 12:28:32'),
('55fd75fc9387f2cb861fb53c', '[2] Tag Management - Manage Store', '55f9019980d025a683dc636a', '55f901bf2ea2764b3c64bc9b', '2015-12-06 12:33:44'),
('55fd7607c9af51598eb87467', '[2] VEP Card Assignment', '55f9019980d025a683dc636a', '55f901bccf4915b6b1d616a5', '2015-12-06 12:33:43'),
('55fd765fbc6291acc253f25e', '[3] VEP Site', '55f9019980d025a683dc636a', '55f901cbd0791bbf5dd732f0', '2015-12-06 12:40:43'),
('55fd766b473a067770eda952', '[3] Toll Lane/Booth', '55f9019980d025a683dc636a', '55f901cbd0791bbf5dd732f0', '2015-12-06 12:40:43'),
('55fd767ad91d8f2f702bd60b', '[3] Asset Health Check', '55f9019980d025a683dc636a', '55f901cbd0791bbf5dd732f0', '2015-12-06 12:40:56'),
('55fd76962b4a110870a037ba', '[3] Road Charge Fee Management', '55f9019980d025a683dc636a', '55f901cbd0791bbf5dd732f0', '2015-12-06 12:40:56'),
('55fd77225d1da7bb866c6d21', '[4] Transaction Management List', '55f9019980d025a683dc636a', '55f901cbd0791bbf5dd732f0', '2015-12-06 12:33:49'),
('55fd773d3b79a4ff64652845', '[4] View Private Vehicle Details (Popup window)', '55f9019980d025a683dc636a', '55f901d06fd67d5b659fb19b', '2015-12-06 12:33:50'),
('55fd7752937de1e01e6b7d07', '[4] View Commercial Vehicle Details (Popup Window)', '55f9019980d025a683dc636a', '55f901d06fd67d5b659fb19b', '2015-12-06 12:33:50'),
('55fd77ff8ecd4924bc2427b0', '[5] Device and components list', '55f9019980d025a683dc636a', '55f901cbd0791bbf5dd732f0', '2015-12-06 12:40:43'),
('55fd7810c2b0769b8669d2c9', '[5] Add new device and component along with edit and delete function', '55f9019980d025a683dc636a', '55f901cbd0791bbf5dd732f0', '2015-12-06 12:40:42'),
('55fd79f6d69fe8bc47b440ac', '[5] Assets Alerts', '55f9019980d025a683dc636a', '55f901cbd0791bbf5dd732f0', '2015-12-06 12:40:42'),
('55fd7a70bd6251c76bee7c1f', '[6] Escalation Management listing', '55f9019980d025a683dc636a', '55f901cbd0791bbf5dd732f0', '2015-12-06 12:40:55'),
('55fd7ac898725728b8570507', '[6] Escalation Management - Case Owner (CRUD operation)', '55f9019980d025a683dc636a', '55f901d06fd67d5b659fb19b', '2015-12-06 12:40:56'),
('55fd7ad7094c066970bccd7f', '[6] Standard Operating Procedure', '55f9019980d025a683dc636a', '55f901d06fd67d5b659fb19b', '2015-12-06 12:40:56'),
('55fd7b1112533289df363cf5', '[6] Troubleshooting Guides', '55f9019980d025a683dc636a', '55f901d06fd67d5b659fb19b', '2015-12-06 12:40:56'),
('55fd7b7614cab918705bba96', '[7] Employee Management', '55f9019980d025a683dc636a', '55f901d06fd67d5b659fb19b', '2015-12-06 12:33:51'),
('55fd7bb071c932318e062a90', '[7] Employee Scheduling', '55f9019980d025a683dc636a', '55f901d06fd67d5b659fb19b', '2015-12-06 12:33:51'),
('55fd7c13025e51f5645e6986', '[8] Backup', '55f9019980d025a683dc636a', '55f901d06fd67d5b659fb19b', '2015-12-06 12:40:43'),
('55fd7cba2ad95016657d48c7', '[3] Check Point management', '55f9019980d025a683dc636a', '55f901cbd0791bbf5dd732f0', '2015-12-06 12:40:43'),
('55ffc0672b439ef16bb3285d', 'Create Multi Lingual support', '55f9019980d025a683dc636a', '560a5e922e88c7760ae41387', '2015-12-06 12:33:50'),
('56023d0611307d631339b83a', 'forgot password & remember me', '55262acab98b55e0cdc10cdf', '55c1c44be015638a6c16fb45', '2015-12-06 12:35:48'),
('5604bae0471db2a1395c2ac7', '[CamTaxi] Force close when select location', '54d9adc1de399b8205d1c2a7', '55dc3af23fc77d735efd22ca', '2015-12-06 12:28:54'),
('5604c19a5b0e46c2dea36286', '[CamTaxi] "My Bookings" activity shows infinite loop of progress bar. Never shows past of bookings.', '54d9adc1de399b8205d1c2a7', '55dc3af23fc77d735efd22ca', '2015-12-06 12:28:53'),
('5604f375934f1cd888fecd0c', 'Sometime, when you save contact or not data not synchronize immediately. Now, try to migrate sync system to use Android Sync Adapters', '54d9d75765d57c1b287b1619', '54d9dfa493938ee9175f37ce', '2015-12-06 12:28:51'),
('560a18c771746d8e815764e0', '[0] Manage Operations', '55f9019980d025a683dc636a', '55f901cbd0791bbf5dd732f0', '2015-12-06 12:33:50'),
('560a53e17691387e81c3549b', '[0] Manage System User', '55f9019980d025a683dc636a', '55f901cbd0791bbf5dd732f0', '2015-12-06 12:40:55'),
('560a53fe7c457862db6e06c7', '[0] Manage Permissions', '55f9019980d025a683dc636a', '55f901cbd0791bbf5dd732f0', '2015-12-06 12:40:42'),
('560a540501fc44ad0aeab6ef', '[0] Manage Roles', '55f9019980d025a683dc636a', '55f901cbd0791bbf5dd732f0', '2015-12-06 12:40:42'),
('560a540efe7e1a0d7d22edb4', '[1] Manage Password Policy', '55f9019980d025a683dc636a', '55f901cbd0791bbf5dd732f0', '2015-12-06 12:33:50'),
('560a5b8916f79c055a264399', '[11] Create general controller for all modules', '55f9019980d025a683dc636a', '55f901bf2ea2764b3c64bc9b', '2015-12-06 12:28:31'),
('560a5bbfaeb181cf86a04600', '[11] Create user menu generator from roles, permissions and operations', '55f9019980d025a683dc636a', '55f901bccf4915b6b1d616a5', '2015-12-06 12:28:31'),
('560a5e78a0e4bb95fd8b7d19', '[11] brief team for operations and permissions implementation in every  module', '55f9019980d025a683dc636a', '55f901bccf4915b6b1d616a5', '2015-12-06 12:28:31'),
('560b4cd4120e744ad791dfed', '[5] Manage Hardware', '55f9019980d025a683dc636a', '55f901cbd0791bbf5dd732f0', '2015-12-06 12:33:50'),
('560b4cedb73898491498a37d', '[5] Add, update, delete Hardware', '55f9019980d025a683dc636a', '55f901cbd0791bbf5dd732f0', '2015-12-06 12:33:50'),
('560f9d22daef701ec8037a51', '[1] Ubah "unduh format xls" menjadi "unduh contoh data excel"', '55262acab98b55e0cdc10cdf', '55c1c44be015638a6c16fb45', '2015-12-06 12:35:48'),
('560f9d544dafc7f64613c945', '[1] Data alumni yang di simpan tambahkan field IPK', '55262acab98b55e0cdc10cdf', '55c1c44be015638a6c16fb45', '2015-12-06 12:35:48'),
('560f9db1549d2651a90598f5', '[1] Untuk hapus data alumni, untuk menghapus data gunakan password admin universitas', '55262acab98b55e0cdc10cdf', '55c1c44be015638a6c16fb45', '2015-12-06 12:35:47'),
('560f9dec6408eee1c74926b4', '[1] Ikon kapal kertas untuk kirim email di aksi data alumni diganti menjadi ikon surat / envelope', '55262acab98b55e0cdc10cdf', '55c1c44be015638a6c16fb45', '2015-12-06 12:35:48'),
('5611ef7d421ddddb209a1d7b', '[6] Ketika sign in ursename menggunakan NIM', '55262acab98b55e0cdc10cdf', '55c1c44be015638a6c16fb45', '2015-12-06 12:35:47'),
('561348ca3eb4c2c8a2a6f45d', '[3] Lane Management', '55f9019980d025a683dc636a', '55f901bf2ea2764b3c64bc9b', '2015-12-06 12:40:42'),
('5615d487a9c13deeba5583ce', '[3] Manage LED Messages', '55f9019980d025a683dc636a', '55f901cbd0791bbf5dd732f0', '2015-12-06 12:40:42'),
('5615d4a0e194f83fd7c05c81', '[3] Broadcast LED Message', '55f9019980d025a683dc636a', '55f901cbd0791bbf5dd732f0', '2015-12-06 12:40:42'),
('56162984485c2615df6145a7', '[1] System Setting - Security', '55f9019980d025a683dc636a', '55f901cbd0791bbf5dd732f0', '2015-12-06 12:33:50'),
('56162bf6e8f1b96f282cb710', '[3] Data Center Management', '55f9019980d025a683dc636a', '55f901cbd0791bbf5dd732f0', '2015-12-06 12:40:42'),
('56177ef324a4597fdd817c7d', '[2.1] API - Setup UOM', '561779be0a3a84876bb4a52c', '561779de14ad686b859dac08', '2015-12-06 12:28:32'),
('56177efc48d3758b6b64e44a', '[2.1] UI - Setup UOM', '561779be0a3a84876bb4a52c', '561779de14ad686b859dac08', '2015-12-06 12:40:23'),
('56177f153942cae76a9a9afb', '[2.1] API - Setup Stocking Type', '561779be0a3a84876bb4a52c', '561779de14ad686b859dac08', '2015-12-06 12:28:53'),
('56177f240b5342e9c9c6e59d', '[2.1] UI - Setup Stocking Type', '561779be0a3a84876bb4a52c', '561779de14ad686b859dac08', '2015-12-06 12:40:56'),
('56177f32bae5934b65c4b552', '[2.1] API - Setup price group', '561779be0a3a84876bb4a52c', '561779de14ad686b859dac08', '2015-12-06 12:28:53'),
('56177f3e3e08a9b1207a4448', '[2.1] UI - Setup price group', '561779be0a3a84876bb4a52c', '561779de14ad686b859dac08', '2015-12-06 12:40:56'),
('56177f4cf3a0d88ec9eca283', '[2.1] API - Setup Location', '561779be0a3a84876bb4a52c', '561779de14ad686b859dac08', '2015-12-06 12:28:32'),
('56177f5cbc26c579dd0dbafd', '[2.1] UI - Setup Location', '561779be0a3a84876bb4a52c', '561779de14ad686b859dac08', '2015-12-06 12:40:24'),
('56177f7dcc555c9785dec239', '[2.1] UI - Setup Transaction Type', '561779be0a3a84876bb4a52c', '561779de14ad686b859dac08', '2015-12-06 12:40:23'),
('56177f9c61a34ecdec930028', '[2.1] UI - Setup Reason Code', '561779be0a3a84876bb4a52c', '561779de14ad686b859dac08', '2015-12-06 12:40:56'),
('56177fb88be321eb9ca66697', '[2.1] UI - Setup FIFO Color Code', '561779be0a3a84876bb4a52c', '561779de14ad686b859dac08', '2015-12-06 12:40:23'),
('56177fd3cf7623939c5c6d1a', '[2.1] UI - Category Master', '561779be0a3a84876bb4a52c', '561779de14ad686b859dac08', '2015-12-06 12:40:22'),
('56177fe14c5cfd72686eb39e', '[2.1] API - Category Details', '561779be0a3a84876bb4a52c', '561779de14ad686b859dac08', '2015-12-06 12:28:32'),
('561780357a853e1f7ca6e1da', '[2.2] API - Manage Item Master', '561779be0a3a84876bb4a52c', '561779de14ad686b859dac08', '2015-12-06 12:28:32');
INSERT INTO `card` (`id`, `name`, `board_id`, `list_id`, `created`) VALUES
('5617803bbd48ed3f6b27db43', '[2.2] UI - Manage Item Master', '561779be0a3a84876bb4a52c', '561779de14ad686b859dac08', '2015-12-06 12:40:23'),
('5617804ab8a61e9e3e7b52fb', '[2.2] API - Manage Item Master Approval', '561779be0a3a84876bb4a52c', '561779cadb5883778526dd1f', '2015-12-06 12:40:26'),
('5617805352e6f0a63e98b4c9', '[2.2] UI - Manage Item Master Approval', '561779be0a3a84876bb4a52c', '561779de14ad686b859dac08', '2015-12-06 12:40:22'),
('56178063fe3f4de73eb18547', '[2.2] API - Manage Item UOM', '561779be0a3a84876bb4a52c', '561779de14ad686b859dac08', '2015-12-06 12:28:53'),
('5617806f3c22e9f3ecb87ab6', '[2.2] UI - Manage Item UOM', '561779be0a3a84876bb4a52c', '561779de14ad686b859dac08', '2015-12-06 12:40:22'),
('5617809b7dba8ca7206efe79', '[2.3] API - Manage Inventory Receipts', '561779be0a3a84876bb4a52c', '561779de14ad686b859dac08', '2015-12-06 12:28:53'),
('561780c3b9b80bd0c6bf2fc6', '[2.3] UI - Manage Inventory Receipts', '561779be0a3a84876bb4a52c', '561779de14ad686b859dac08', '2015-12-06 12:40:23'),
('5617813ade9a81bec664d072', '[2.3] UI - Manage Inventory Issue', '561779be0a3a84876bb4a52c', '561779de14ad686b859dac08', '2015-12-06 12:40:22'),
('561781e6177972d19cd84e46', '[2.4] UI - Manage Stock Take', '561779be0a3a84876bb4a52c', '561779de14ad686b859dac08', '2015-12-06 12:40:22'),
('562066b9ff0352d04959cbb0', '[1] Create menu business rules', '55f9019980d025a683dc636a', '55f901cbd0791bbf5dd732f0', '2015-12-06 12:40:55'),
('562066ef556090d64938ba07', '[1] Manage registration - vehicle details', '55f9019980d025a683dc636a', '55f901cbd0791bbf5dd732f0', '2015-12-06 12:40:55'),
('5620671850c08b5345d3efd0', '[1] Manage registration - VEP tag', '55f9019980d025a683dc636a', '55f901bccf4915b6b1d616a5', '2015-12-06 12:40:44'),
('5620672a5c0de37e751b0c4e', '[1] Manage registration - driver', '55f9019980d025a683dc636a', '55f901cbd0791bbf5dd732f0', '2015-12-06 12:40:55'),
('5620673b0ff97e7180b154c4', '[1] Manage registration - attachment', '55f9019980d025a683dc636a', '55f901cbd0791bbf5dd732f0', '2015-12-06 12:40:55'),
('5620675325406978de6aee02', '[1] Manage revenue collection - transaction', '55f9019980d025a683dc636a', '55f901cbd0791bbf5dd732f0', '2015-12-06 12:40:55'),
('5620676e84e3b9c682a89fef', '[1] Manage revenue collection - payment method', '55f9019980d025a683dc636a', '55f901cbd0791bbf5dd732f0', '2015-12-06 12:40:55'),
('5620678516ed98ed495da036', '[1] Manage revenue collection - road charge', '55f9019980d025a683dc636a', '55f901bccf4915b6b1d616a5', '2015-12-06 12:40:44'),
('5620679ecf2580cc87031905', '[1] Manage enforcement - JPJ', '55f9019980d025a683dc636a', '55f901cbd0791bbf5dd732f0', '2015-12-06 12:40:55'),
('562067adcf4f191979ecd1bb', '[1] Manage enforcement - JKDM', '55f9019980d025a683dc636a', '55f901cbd0791bbf5dd732f0', '2015-12-06 12:40:55'),
('562067c1dfae585d8e132cf6', '[1] Manage enforcement - PDRM', '55f9019980d025a683dc636a', '55f901cbd0791bbf5dd732f0', '2015-12-06 12:40:55'),
('562461760526661145387816', '[2.1] Integrate - Setup Stocking Type', '561779be0a3a84876bb4a52c', '561779de14ad686b859dac08', '2015-12-06 12:40:23'),
('56246185bd34c6b3a4ecf9d9', '[2.1] Integrate - Setup UOM', '561779be0a3a84876bb4a52c', '561779de14ad686b859dac08', '2015-12-06 12:40:23'),
('5625b0ebc2bc2db85aad9df2', '[2.1] UI - API Integration - Category Master', '561779be0a3a84876bb4a52c', '561779de14ad686b859dac08', '2015-12-06 12:40:22'),
('5625c2091f3c1a36498a8d69', '[2.1] UI - API Integration - Setup Price Group', '561779be0a3a84876bb4a52c', '561779de14ad686b859dac08', '2015-12-06 12:40:22'),
('5625e8b1f5d5c6af2325f1c1', '[2.1] UI - API Integration - Setup Transaction Type', '561779be0a3a84876bb4a52c', '561779de14ad686b859dac08', '2015-12-06 12:40:23'),
('5625f05bdbb03dda882cf1db', '[2.1] UI - API Integration - Setup Location', '561779be0a3a84876bb4a52c', '561779de14ad686b859dac08', '2015-12-06 12:40:23'),
('5625f8d95dc119bb169a8f41', '[2.1] UI - API Integration - Setup Reason Code', '561779be0a3a84876bb4a52c', '561779de14ad686b859dac08', '2015-12-06 12:40:23'),
('56260253f994cadeac50e192', '[2.1] UI - API Integration - Setup FIFO Color', '561779be0a3a84876bb4a52c', '561779de14ad686b859dac08', '2015-12-06 12:40:22'),
('562703e2782d6b15efee694c', '[2-1] UI - API Integration Item Master', '561779be0a3a84876bb4a52c', '561779de14ad686b859dac08', '2015-12-06 12:40:23'),
('562ee363be3f0cdaae3cd1a4', 'Implement new design: red theme', '54d9adc1de399b8205d1c2a7', '55dc3af23fc77d735efd22ca', '2015-12-06 12:28:53'),
('56373053d14a3556a43f328a', '[2.3] UI - API Integration Inventory Receipts', '561779be0a3a84876bb4a52c', '561779de14ad686b859dac08', '2015-12-06 12:40:22'),
('563c7ac30037c78d2bd1bb0b', '[1] Manage revenue collection - Reason', '55f9019980d025a683dc636a', '55f901bf2ea2764b3c64bc9b', '2015-12-06 12:40:49'),
('564011e36b3d1df0286309b3', '[2.3] UI - API Integration Inventory Issue', '561779be0a3a84876bb4a52c', '561779de14ad686b859dac08', '2015-12-06 12:40:22'),
('5640124b6f3d8e387fe6a926', '[2.3] UI - API and Integration Inventory Issue for Stock Request', '561779be0a3a84876bb4a52c', '561779de14ad686b859dac08', '2015-12-06 12:40:22'),
('564013a758e33c329269c94f', '[2.3] UI - Manage PO Receipt', '561779be0a3a84876bb4a52c', '561779de14ad686b859dac08', '2015-12-06 12:40:22'),
('5641acdf7c5eeea468613e7f', '[1] Dashboard', '55f9019980d025a683dc636a', '55f901bf2ea2764b3c64bc9b', '2015-12-06 12:33:44'),
('564953f8fce7a36ea7aa9ea7', 'Fix bug 16-11-2015', '55262acab98b55e0cdc10cdf', '55262acce0cb50dfb4e1ba89', '2015-12-06 12:35:10'),
('5649608682ad55105d42cf34', 'Add logic for create survey', '55262acab98b55e0cdc10cdf', '55262acce0cb50dfb4e1ba89', '2015-12-06 12:35:10'),
('564d7d4f7ce700ad81b0e574', 'Create logic for survey page', '55262acab98b55e0cdc10cdf', '55262acfed48531bfd3eb295', '2015-12-06 12:35:10'),
('5653cdb7a3fe95b202057ee1', '[3.1] UI - Setup Order Type', '561779be0a3a84876bb4a52c', '561779de14ad686b859dac08', '2015-12-06 12:40:23'),
('5653cdcea711e943d0d03084', '[3.1] UI - Setup Currency', '561779be0a3a84876bb4a52c', '561779de14ad686b859dac08', '2015-12-06 12:40:23'),
('56553069ea993bbe197ce79b', '[2.1] UI - Setup Item Type', '561779be0a3a84876bb4a52c', '561779de14ad686b859dac08', '2015-12-06 12:40:21'),
('5655307e83641b0542656bc9', '[2.1] UI - API integration - Item Type', '561779be0a3a84876bb4a52c', '561779de14ad686b859dac08', '2015-12-06 12:40:22'),
('565551ae3f342556b976933a', '[3.2] UI - Manage Purchase Order', '561779be0a3a84876bb4a52c', '561779de14ad686b859dac08', '2015-12-06 12:40:22'),
('5656924100131b4a1e07a617', '[3.2] UI - Manage Supplier', '561779be0a3a84876bb4a52c', '561779de14ad686b859dac08', '2015-12-06 12:40:22'),
('5656925937b7e3821e20588b', '[3.2] UI - API Integration Manage Supplier', '561779be0a3a84876bb4a52c', '561779de14ad686b859dac08', '2015-12-06 12:40:21'),
('5656d7e940831be11ecbd7f4', '[3.1] UI - API Integration Setup Order Type', '561779be0a3a84876bb4a52c', '561779de14ad686b859dac08', '2015-12-06 12:40:22'),
('5656d84d8e9317ca4696982d', '[3.1] UI - API Integration Setup Currency', '561779be0a3a84876bb4a52c', '561779de14ad686b859dac08', '2015-12-06 12:40:21'),
('5656d8624572294a5d253206', '[3.1] UI - API Integration Setup Incoterm', '561779be0a3a84876bb4a52c', '561779de14ad686b859dac08', '2015-12-06 12:40:21'),
('565d171490b8ca55f59a5167', '[2] Tag Management - Stock In', '55f9019980d025a683dc636a', '55f901cbd0791bbf5dd732f0', '2015-12-06 12:33:49'),
('56615e887d5154a3d89385c8', '[2] Tag Management - Stock Out', '55f9019980d025a683dc636a', '55f901bf2ea2764b3c64bc9b', '2015-12-06 12:33:44'),
('56650427c681d9e6e4cd9737', '[4.1] UI - Setup Order Type', '561779be0a3a84876bb4a52c', '561779de14ad686b859dac08', '2015-12-09 03:01:33'),
('566504becd9a5db349856ae7', '[4.2] UI - Manage Quotation', '561779be0a3a84876bb4a52c', '561779de14ad686b859dac08', '2015-12-09 03:01:33');

-- --------------------------------------------------------

--
-- Table structure for table `card_member`
--

CREATE TABLE IF NOT EXISTS `card_member` (
  `card_id` varchar(255) NOT NULL,
  `member_id` varchar(255) NOT NULL,
  `created` timestamp NOT NULL DEFAULT CURRENT_TIMESTAMP ON UPDATE CURRENT_TIMESTAMP,
  KEY `card_id` (`card_id`),
  KEY `member_id` (`member_id`)
) ENGINE=InnoDB DEFAULT CHARSET=latin1;

--
-- Dumping data for table `card_member`
--

INSERT INTO `card_member` (`card_id`, `member_id`, `created`) VALUES
('55b8586fe2f6e7f1872603c8', '54d9b1e492218329f82a9f42', '2015-12-06 12:27:27'),
('55dc381f688d683e88b2652a', '54d9b1e492218329f82a9f42', '2015-12-06 12:27:31'),
('55091757ba0fd7c7e9c7e128', '54d9b1e492218329f82a9f42', '2015-12-06 12:27:31'),
('55094ed072cf94701b6ba0be', '54d9b1e492218329f82a9f42', '2015-12-06 12:27:31'),
('5507c2477040d54e03f15c56', '54d9b1e492218329f82a9f42', '2015-12-06 12:27:31'),
('560a5bbfaeb181cf86a04600', '546ee87bb94e78ff2b54f8bb', '2015-12-06 12:28:31'),
('55dada9211f460c10908a21e', '546ee87bb94e78ff2b54f8bb', '2015-12-06 12:28:31'),
('5555869e1942082107d53c48', '546ee87bb94e78ff2b54f8bb', '2015-12-06 12:28:31'),
('55cae82db08cd84786bce9e3', '546ee87bb94e78ff2b54f8bb', '2015-12-06 12:28:31'),
('55cae82db08cd84786bce9e3', '54d9b1e492218329f82a9f42', '2015-12-06 12:28:31'),
('560a5e78a0e4bb95fd8b7d19', '546ee87bb94e78ff2b54f8bb', '2015-12-06 12:28:31'),
('55e670deb8a6ad1f642e12fe', '546ee87bb94e78ff2b54f8bb', '2015-12-06 12:28:31'),
('55e670deb8a6ad1f642e12fe', '54d9b1e492218329f82a9f42', '2015-12-06 12:28:31'),
('55dc1f966239e53d7b151f07', '546ee87bb94e78ff2b54f8bb', '2015-12-06 12:28:31'),
('55e816307091b8b9105dc88a', '546ee87bb94e78ff2b54f8bb', '2015-12-06 12:28:31'),
('55e7efccc82c3b8761408e4b', '546ee87bb94e78ff2b54f8bb', '2015-12-06 12:28:31'),
('55c33a07dd9369618f447b1f', '54d9b1e492218329f82a9f42', '2015-12-06 12:28:31'),
('55c33a07dd9369618f447b1f', '546ee87bb94e78ff2b54f8bb', '2015-12-06 12:28:31'),
('55d6ed8c15d537adc1d94b5f', '546ee87bb94e78ff2b54f8bb', '2015-12-06 12:28:31'),
('55487a82db12a21b618cf4ef', '546ee87bb94e78ff2b54f8bb', '2015-12-06 12:28:31'),
('560a5b8916f79c055a264399', '546ee87bb94e78ff2b54f8bb', '2015-12-06 12:28:31'),
('55cae88707f83caef217f272', '54d9b1e492218329f82a9f42', '2015-12-06 12:28:31'),
('55cae88707f83caef217f272', '546ee87bb94e78ff2b54f8bb', '2015-12-06 12:28:31'),
('55fbaa4b4cdce0c89b826ae8', '546ee87bb94e78ff2b54f8bb', '2015-12-06 12:28:32'),
('56177fe14c5cfd72686eb39e', '546ee87bb94e78ff2b54f8bb', '2015-12-06 12:28:32'),
('561780357a853e1f7ca6e1da', '546ee87bb94e78ff2b54f8bb', '2015-12-06 12:28:32'),
('56177ef324a4597fdd817c7d', '546ee87bb94e78ff2b54f8bb', '2015-12-06 12:28:32'),
('55eea28eb2dab4f973146339', '546ee87bb94e78ff2b54f8bb', '2015-12-06 12:28:32'),
('56177f4cf3a0d88ec9eca283', '546ee87bb94e78ff2b54f8bb', '2015-12-06 12:28:32'),
('55eeb08a605b79f7e81c8cf7', '546ee87bb94e78ff2b54f8bb', '2015-12-06 12:28:32'),
('55eea0af396febb0dec54a22', '546ee87bb94e78ff2b54f8bb', '2015-12-06 12:28:32'),
('5534b128db56074fb1ed0827', '546ee87bb94e78ff2b54f8bb', '2015-12-06 12:28:32'),
('55ee8c5c4f71bfce90765ba8', '546ee87bb94e78ff2b54f8bb', '2015-12-06 12:28:32'),
('55ee8f34e41dbd749503d980', '546ee87bb94e78ff2b54f8bb', '2015-12-06 12:28:32'),
('5549b39ae63aa1b307a6e540', '546ee87bb94e78ff2b54f8bb', '2015-12-06 12:28:32'),
('554ae637fd360f6e2c0924f9', '546ee87bb94e78ff2b54f8bb', '2015-12-06 12:28:32'),
('5566d8f953c4729b9bcf2c17', '546ee87bb94e78ff2b54f8bb', '2015-12-06 12:28:32'),
('5549b39ae63aa1b307a6e540', '54d9b1e492218329f82a9f42', '2015-12-06 12:28:32'),
('554ae554b02c39e153b897df', '546ee87bb94e78ff2b54f8bb', '2015-12-06 12:28:32'),
('54db04da9b6a52eadd20bad6', '546ee87bb94e78ff2b54f8bb', '2015-12-06 12:28:33'),
('5507e1842e92ec7edc5a1c87', '546ee87bb94e78ff2b54f8bb', '2015-12-06 12:28:33'),
('55094efab9c44571a34e1223', '546ee87bb94e78ff2b54f8bb', '2015-12-06 12:28:33'),
('54e18cd650aed1715b3ba522', '546ee87bb94e78ff2b54f8bb', '2015-12-06 12:28:33'),
('54f0517c2f07a44b8a8a8b7d', '546ee87bb94e78ff2b54f8bb', '2015-12-06 12:28:33'),
('553e4c64bfaef864206250b0', '546ee87bb94e78ff2b54f8bb', '2015-12-06 12:28:33'),
('553e4c64bfaef864206250b0', '541f8273f1d949988d157093', '2015-12-06 12:28:33'),
('553e4bdb9623e15415f8b62c', '546ee87bb94e78ff2b54f8bb', '2015-12-06 12:28:33'),
('553e4bdb9623e15415f8b62c', '54d9ae49e2cc7c35f8c5bacd', '2015-12-06 12:28:33'),
('553e4bdb9623e15415f8b62c', '54d9cf1588018dabc4644eee', '2015-12-06 12:28:33'),
('553e4dfbc567bc1dee599103', '541f8273f1d949988d157093', '2015-12-06 12:28:33'),
('553e4dfbc567bc1dee599103', '546ee87bb94e78ff2b54f8bb', '2015-12-06 12:28:33'),
('54db05f0a58c5a74ef0b68f6', '546ee87bb94e78ff2b54f8bb', '2015-12-06 12:28:33'),
('553f0e6694385350f4eafb08', '541f8273f1d949988d157093', '2015-12-06 12:28:33'),
('553f0e6694385350f4eafb08', '546ee87bb94e78ff2b54f8bb', '2015-12-06 12:28:33'),
('553e57d5ffaa514162b274c3', '546ee87bb94e78ff2b54f8bb', '2015-12-06 12:28:33'),
('553e57169e2d33a3890c762d', '546ee87bb94e78ff2b54f8bb', '2015-12-06 12:28:34'),
('553e4f378a9369266191f455', '541f8273f1d949988d157093', '2015-12-06 12:28:34'),
('553e4f378a9369266191f455', '546ee87bb94e78ff2b54f8bb', '2015-12-06 12:28:34'),
('5548742b0e96947d6592fd00', '546ee87bb94e78ff2b54f8bb', '2015-12-06 12:28:34'),
('5548742b0e96947d6592fd00', '541f8273f1d949988d157093', '2015-12-06 12:28:34'),
('553e4d669d0f194dd09de667', '541f8273f1d949988d157093', '2015-12-06 12:28:34'),
('553e4d669d0f194dd09de667', '546ee87bb94e78ff2b54f8bb', '2015-12-06 12:28:34'),
('54dc031c0b32509d6bffaa33', '546ee87bb94e78ff2b54f8bb', '2015-12-06 12:28:34'),
('55487472a94243fac1b45f2f', '541f8273f1d949988d157093', '2015-12-06 12:28:34'),
('55487472a94243fac1b45f2f', '546ee87bb94e78ff2b54f8bb', '2015-12-06 12:28:34'),
('553e4b8b871c8aa6c4955ad8', '546ee87bb94e78ff2b54f8bb', '2015-12-06 12:28:34'),
('553e505dcdf371218e418fc8', '546ee87bb94e78ff2b54f8bb', '2015-12-06 12:28:34'),
('553e58c652d92a93e033405c', '546ee87bb94e78ff2b54f8bb', '2015-12-06 12:28:34'),
('553e4ff14e2c8ab557083f0e', '546ee87bb94e78ff2b54f8bb', '2015-12-06 12:28:34'),
('54eac85c56cc64e83b92b5e6', '546ee87bb94e78ff2b54f8bb', '2015-12-06 12:28:34'),
('553e4b796332f7f989dad1e2', '546ee87bb94e78ff2b54f8bb', '2015-12-06 12:28:34'),
('5507a2b8c8e6497ca9e92a3a', '546ee87bb94e78ff2b54f8bb', '2015-12-06 12:28:35'),
('54eacac9c1a7dc707ad63048', '546ee87bb94e78ff2b54f8bb', '2015-12-06 12:28:35'),
('553e59e5ead7da2aa51b22ad', '546ee87bb94e78ff2b54f8bb', '2015-12-06 12:28:35'),
('553e59e5ead7da2aa51b22ad', '541f8273f1d949988d157093', '2015-12-06 12:28:36'),
('55f28ced68b7ebaf875ffe5c', '54d9b1e492218329f82a9f42', '2015-12-06 12:28:51'),
('55d6eef2c60847da6b02c0ce', '54d9b1e492218329f82a9f42', '2015-12-06 12:28:51'),
('5604f375934f1cd888fecd0c', '54d9b1e492218329f82a9f42', '2015-12-06 12:28:51'),
('55f23aeb35e3215d14f0420e', '54d9b1e492218329f82a9f42', '2015-12-06 12:28:52'),
('55f23be47ce13fd0cebdd0b8', '54d9b1e492218329f82a9f42', '2015-12-06 12:28:52'),
('55f27fb0b463ecba148e8dc0', '54d9b1e492218329f82a9f42', '2015-12-06 12:28:52'),
('55f28c5b0d06c7c4870227e2', '54d9b1e492218329f82a9f42', '2015-12-06 12:28:52'),
('55f27cb5fbd1ad690cffbdd9', '54d9b1e492218329f82a9f42', '2015-12-06 12:28:52'),
('55f297e623a4c70ceaf3bdb9', '54d9b1e492218329f82a9f42', '2015-12-06 12:28:52'),
('55ed57e49ff681dd7484cd9f', '54d9b1e492218329f82a9f42', '2015-12-06 12:28:52'),
('55f283207ce13fd0cebe04c8', '54d9b1e492218329f82a9f42', '2015-12-06 12:28:52'),
('55f23bb3100eef9025427f3a', '54d9b1e492218329f82a9f42', '2015-12-06 12:28:52'),
('55f23b7a09a93b68aaed8f97', '54d9b1e492218329f82a9f42', '2015-12-06 12:28:52'),
('55f24953e3040da436681c83', '54d9b1e492218329f82a9f42', '2015-12-06 12:28:52'),
('55f23b2595193323aa73a075', '54d9b1e492218329f82a9f42', '2015-12-06 12:28:52'),
('55f23c3ee645196a00473286', '54d9b1e492218329f82a9f42', '2015-12-06 12:28:52'),
('55f23c0fa112458714e337bd', '54d9b1e492218329f82a9f42', '2015-12-06 12:28:52'),
('55f23af9faec64697aaa861b', '54d9b1e492218329f82a9f42', '2015-12-06 12:28:52'),
('55e96464f088c9fe92d975e5', '54d9b1e492218329f82a9f42', '2015-12-06 12:28:52'),
('55c97b9a91a247cbfa0d588b', '54d9b1e492218329f82a9f42', '2015-12-06 12:28:53'),
('55e6720cc3b57cecb40c7e7b', '54d9b1e492218329f82a9f42', '2015-12-06 12:28:53'),
('55c307a9b030cd56bde3d7fe', '54d9b1e492218329f82a9f42', '2015-12-06 12:28:53'),
('55f24f8be942168daa2a2033', '54d9b1e492218329f82a9f42', '2015-12-06 12:28:53'),
('55d2f0af83b50ef6574e27b1', '54d9b1e492218329f82a9f42', '2015-12-06 12:28:53'),
('55e3c6d9e2345713278d7d3a', '54d9b1e492218329f82a9f42', '2015-12-06 12:28:53'),
('55e3db8e5bec0fe17a8615c3', '54d9b1e492218329f82a9f42', '2015-12-06 12:28:53'),
('55e961826037e1c892f5866d', '54d9b1e492218329f82a9f42', '2015-12-06 12:28:53'),
('56177f32bae5934b65c4b552', '54d9b1e492218329f82a9f42', '2015-12-06 12:28:53'),
('56178063fe3f4de73eb18547', '54d9b1e492218329f82a9f42', '2015-12-06 12:28:53'),
('55e80ff726f366396460fb6c', '54d9b1e492218329f82a9f42', '2015-12-06 12:28:53'),
('56177f153942cae76a9a9afb', '54d9b1e492218329f82a9f42', '2015-12-06 12:28:53'),
('562ee363be3f0cdaae3cd1a4', '54d9b1e492218329f82a9f42', '2015-12-06 12:28:53'),
('5617809b7dba8ca7206efe79', '54d9b1e492218329f82a9f42', '2015-12-06 12:28:53'),
('5604c19a5b0e46c2dea36286', '54d9b1e492218329f82a9f42', '2015-12-06 12:28:53'),
('5604bae0471db2a1395c2ac7', '54d9b1e492218329f82a9f42', '2015-12-06 12:28:54'),
('55262c04ce7379a9b03974d0', '54d9b1e492218329f82a9f42', '2015-12-06 12:34:24'),
('55262b65e1dce8d2551919b5', '54d9b1e492218329f82a9f42', '2015-12-06 12:34:24'),
('55262c04ce7379a9b03974d0', '546ee87bb94e78ff2b54f8bb', '2015-12-06 12:34:24'),
('55b8586fe2f6e7f1872603c8', '5501361b1247f9b0804aba66', '2015-12-06 12:34:24'),
('55262b65e1dce8d2551919b5', '546ee87bb94e78ff2b54f8bb', '2015-12-06 12:34:24'),
('55b8586fe2f6e7f1872603c8', '546ee87bb94e78ff2b54f8bb', '2015-12-06 12:34:24'),
('55754bf1d0e57bf4275ff8da', '54d9afc8769b1eadd9e19b04', '2015-12-06 12:35:10'),
('55754bf1d0e57bf4275ff8da', '54d9b0d4f038788d69d498b2', '2015-12-06 12:35:10'),
('55754bf1d0e57bf4275ff8da', '546ee87bb94e78ff2b54f8bb', '2015-12-06 12:35:10'),
('55754bf1d0e57bf4275ff8da', '5501361b1247f9b0804aba66', '2015-12-06 12:35:10'),
('55c83d4415cb929652210757', '54d9afc8769b1eadd9e19b04', '2015-12-06 12:35:10'),
('55c83d4415cb929652210757', '541f8273f1d949988d157093', '2015-12-06 12:35:10'),
('564953f8fce7a36ea7aa9ea7', '54d9b0d4f038788d69d498b2', '2015-12-06 12:35:10'),
('55c83d4415cb929652210757', '54d9ae49e2cc7c35f8c5bacd', '2015-12-06 12:35:10'),
('564d7d4f7ce700ad81b0e574', '54d9b0d4f038788d69d498b2', '2015-12-06 12:35:10'),
('55c832b38c4ce000827c8e0b', '54d9afc8769b1eadd9e19b04', '2015-12-06 12:35:10'),
('55766d8a9f4907adb6d5c9eb', '54d9b0d4f038788d69d498b2', '2015-12-06 12:35:10'),
('55766d8a9f4907adb6d5c9eb', '54d9afc8769b1eadd9e19b04', '2015-12-06 12:35:10'),
('55c83d4415cb929652210757', '54d9b0d4f038788d69d498b2', '2015-12-06 12:35:10'),
('55c832b38c4ce000827c8e0b', '541f8273f1d949988d157093', '2015-12-06 12:35:10'),
('55c83d4415cb929652210757', '54d9cf1588018dabc4644eee', '2015-12-06 12:35:10'),
('55c832b38c4ce000827c8e0b', '54d9ae49e2cc7c35f8c5bacd', '2015-12-06 12:35:10'),
('5649608682ad55105d42cf34', '54d9b0d4f038788d69d498b2', '2015-12-06 12:35:10'),
('55c832b38c4ce000827c8e0b', '54d9b0d4f038788d69d498b2', '2015-12-06 12:35:10'),
('55c832b38c4ce000827c8e0b', '54d9cf1588018dabc4644eee', '2015-12-06 12:35:10'),
('55837f01f8dd162085667e0c', '54d9b0d4f038788d69d498b2', '2015-12-06 12:35:11'),
('55d2c6110f9b0ad70b95aaa7', '54d9b0d4f038788d69d498b2', '2015-12-06 12:35:11'),
('55b85c27746dd36e20d712f4', '54d9b0d4f038788d69d498b2', '2015-12-06 12:35:11'),
('55769770dd057f20ad18a174', '54d9b0d4f038788d69d498b2', '2015-12-06 12:35:11'),
('55c1db582375981e9fbfb5ac', '54d9b0d4f038788d69d498b2', '2015-12-06 12:35:11'),
('559e3b20eb46e1b0ba318e88', '54d9b0d4f038788d69d498b2', '2015-12-06 12:35:11'),
('55c1d791e9df6d0d53e13823', '54d9b0d4f038788d69d498b2', '2015-12-06 12:35:11'),
('55c1d74cfe25da269f7340c1', '54d9b0d4f038788d69d498b2', '2015-12-06 12:35:11'),
('55c83ac5117e03c721514e1c', '54d9b0d4f038788d69d498b2', '2015-12-06 12:35:11'),
('5571555ed063f8dd99923bdf', '54d9b0d4f038788d69d498b2', '2015-12-06 12:35:11'),
('5571553cd3fceeccfe364d9c', '54d9b0d4f038788d69d498b2', '2015-12-06 12:35:11'),
('558119448ba9082191ae469d', '54d9afc8769b1eadd9e19b04', '2015-12-06 12:35:12'),
('558119448ba9082191ae469d', '54d9b0d4f038788d69d498b2', '2015-12-06 12:35:12'),
('54eab43ebceecc63bbe66784', '54d9b0d4f038788d69d498b2', '2015-12-06 12:35:12'),
('54eab6b09e4fc77514975aa1', '54d9b0d4f038788d69d498b2', '2015-12-06 12:35:12'),
('54dad81162cad5e590ad94cd', '54d9b0d4f038788d69d498b2', '2015-12-06 12:35:12'),
('54eab4f04f4d975e14ee55ba', '54d9b0d4f038788d69d498b2', '2015-12-06 12:35:12'),
('54eab5c311b64a47123ae3e4', '54d9b0d4f038788d69d498b2', '2015-12-06 12:35:13'),
('54ed8bec60f1420b88301bb5', '54d9b0d4f038788d69d498b2', '2015-12-06 12:35:13'),
('54eab3e3dac687547c28251a', '54d9b0d4f038788d69d498b2', '2015-12-06 12:35:13'),
('560f9db1549d2651a90598f5', '54d9b0d4f038788d69d498b2', '2015-12-06 12:35:47'),
('5611ef7d421ddddb209a1d7b', '54d9b0d4f038788d69d498b2', '2015-12-06 12:35:47'),
('560f9dec6408eee1c74926b4', '54d9b0d4f038788d69d498b2', '2015-12-06 12:35:48'),
('560f9d544dafc7f64613c945', '54d9b0d4f038788d69d498b2', '2015-12-06 12:35:48'),
('560f9d22daef701ec8037a51', '54d9b0d4f038788d69d498b2', '2015-12-06 12:35:48'),
('55d2c20717f023be6e8ce2f9', '54d9b0d4f038788d69d498b2', '2015-12-06 12:35:48'),
('55c841b7f70edd8e2188958b', '54d9b0d4f038788d69d498b2', '2015-12-06 12:35:48'),
('56023d0611307d631339b83a', '54d9b0d4f038788d69d498b2', '2015-12-06 12:35:48'),
('556bee58306181318b7e2ddc', '54d9b0d4f038788d69d498b2', '2015-12-06 12:35:48'),
('558903bc1f85727bd716f6fe', '54d9b0d4f038788d69d498b2', '2015-12-06 12:35:48'),
('55e678dd59909f01d95f385b', '54d9b0d4f038788d69d498b2', '2015-12-06 12:35:48'),
('54f42b4288777d105014258d', '54d9b0d4f038788d69d498b2', '2015-12-06 12:35:48'),
('5547469b23f3cb826ddc86fc', '54d9b0d4f038788d69d498b2', '2015-12-06 12:35:48'),
('5546f3e4250d2f4062bbf2fd', '54d9b0d4f038788d69d498b2', '2015-12-06 12:35:49'),
('5546f42b7deea33d4d1a33a4', '54d9b0d4f038788d69d498b2', '2015-12-06 12:35:49'),
('553f2994b0b1b6520683398f', '54d9b0d4f038788d69d498b2', '2015-12-06 12:35:49'),
('5546f4101dee56fd860e009f', '54d9b0d4f038788d69d498b2', '2015-12-06 12:35:49'),
('5526198f943ab911fd358de9', '54d9b0d4f038788d69d498b2', '2015-12-06 12:35:49'),
('5526197af440331956cfb99c', '54d9b0d4f038788d69d498b2', '2015-12-06 12:35:49'),
('5534fb17827948fc6ad651db', '54d9b0d4f038788d69d498b2', '2015-12-06 12:35:49'),
('553f29bfe10de1f0d85be752', '54d9b0d4f038788d69d498b2', '2015-12-06 12:35:49'),
('5546f3a1538e8e966d2c6629', '54d9b0d4f038788d69d498b2', '2015-12-06 12:35:49'),
('5546f348b1f64a16cf8f8867', '54d9b0d4f038788d69d498b2', '2015-12-06 12:35:50'),
('55828a0a2330f86a1883e50b', '54d9afc8769b1eadd9e19b04', '2015-12-06 12:40:13'),
('55f23b6355eb4b8d8c558e1d', '54d9afc8769b1eadd9e19b04', '2015-12-06 12:40:13'),
('558b9a5fc7eb788b52f43e7a', '54d9afc8769b1eadd9e19b04', '2015-12-06 12:40:14'),
('55bf379fbdf52062e25401f9', '54d9afc8769b1eadd9e19b04', '2015-12-06 12:40:14'),
('5594bc15405fd71285e71b28', '54d9afc8769b1eadd9e19b04', '2015-12-06 12:40:14'),
('558b9a5fc7eb788b52f43e7a', '54d9cf1588018dabc4644eee', '2015-12-06 12:40:14'),
('558b9a5fc7eb788b52f43e7a', '541f8273f1d949988d157093', '2015-12-06 12:40:14'),
('554c2a87abd17dbb49c0383a', '54d9afc8769b1eadd9e19b04', '2015-12-06 12:40:14'),
('55da9ffb4da5027a682d4b39', '54d9ae49e2cc7c35f8c5bacd', '2015-12-06 12:40:14'),
('55da9ffb4da5027a682d4b39', '54d9afc8769b1eadd9e19b04', '2015-12-06 12:40:14'),
('5540c44860ccee96f4922227', '54d9afc8769b1eadd9e19b04', '2015-12-06 12:40:14'),
('5526319b7e424109820cbc73', '54d9afc8769b1eadd9e19b04', '2015-12-06 12:40:14'),
('55c83b6db5d7d122c5db3191', '54d9afc8769b1eadd9e19b04', '2015-12-06 12:40:14'),
('552644092efdf8b5558aa599', '54d9afc8769b1eadd9e19b04', '2015-12-06 12:40:14'),
('55274e858913552170f0d72d', '54d9afc8769b1eadd9e19b04', '2015-12-06 12:40:14'),
('555586f69f867ce406bf4a1c', '54d9afc8769b1eadd9e19b04', '2015-12-06 12:40:14'),
('5526445ec0f6048bdf53dcfc', '54d9afc8769b1eadd9e19b04', '2015-12-06 12:40:15'),
('554c2a5db407c6d70d5a3ef7', '54d9afc8769b1eadd9e19b04', '2015-12-06 12:40:15'),
('551ba0d4d5ce6fe69e6fe5b2', '54d9afc8769b1eadd9e19b04', '2015-12-06 12:40:15'),
('551cb78db23af01365c8d1bd', '54d9afc8769b1eadd9e19b04', '2015-12-06 12:40:15'),
('550a438bdb27af66ebfb445d', '54d9afc8769b1eadd9e19b04', '2015-12-06 12:40:15'),
('550129bff758e6e3801b9892', '54d9afc8769b1eadd9e19b04', '2015-12-06 12:40:15'),
('54feb09e2d7aba48f04ba4f0', '54d9afc8769b1eadd9e19b04', '2015-12-06 12:40:15'),
('551cb7a40b9e30cacd7b520e', '54d9afc8769b1eadd9e19b04', '2015-12-06 12:40:15'),
('550000c211d0e801bd239ce5', '54d9afc8769b1eadd9e19b04', '2015-12-06 12:40:15'),
('54feb46e5a0908a5512f97a2', '54d9afc8769b1eadd9e19b04', '2015-12-06 12:40:15'),
('5501274b4dffdf3f2cd5f017', '54d9afc8769b1eadd9e19b04', '2015-12-06 12:40:15'),
('54fea86ed604737415a20122', '54d9afc8769b1eadd9e19b04', '2015-12-06 12:40:15'),
('550291b93c9801f792d48729', '54d9afc8769b1eadd9e19b04', '2015-12-06 12:40:15'),
('551a4702bf529560098d0cbd', '54d9afc8769b1eadd9e19b04', '2015-12-06 12:40:15'),
('54e6fbcaa1668e89cba65ccb', '54d9afc8769b1eadd9e19b04', '2015-12-06 12:40:16'),
('54feb0e2f4ec515817825378', '54d9afc8769b1eadd9e19b04', '2015-12-06 12:40:16'),
('54e6ff8412603820eff00be4', '54d9afc8769b1eadd9e19b04', '2015-12-06 12:40:16'),
('54fea7df30c0db4ab081e3f7', '54d9afc8769b1eadd9e19b04', '2015-12-06 12:40:16'),
('54feb69192bbae29f0fd3dc9', '54d9afc8769b1eadd9e19b04', '2015-12-06 12:40:16'),
('54e6fe06a2cca2627a106c8e', '54d9afc8769b1eadd9e19b04', '2015-12-06 12:40:16'),
('54e6ffade6dc76f84d0a86d7', '54d9afc8769b1eadd9e19b04', '2015-12-06 12:40:16'),
('54e6ffc60343ead4ec03dcb0', '54d9afc8769b1eadd9e19b04', '2015-12-06 12:40:16'),
('54ec09a201428f7885e910b3', '54d9afc8769b1eadd9e19b04', '2015-12-06 12:40:16'),
('54f00a564135166c8ae09ff6', '54d9afc8769b1eadd9e19b04', '2015-12-06 12:40:16'),
('54eeb78a0fc577a712554caa', '54d9afc8769b1eadd9e19b04', '2015-12-06 12:40:16'),
('54e6fcdbfdb230279a7a4a5f', '54d9afc8769b1eadd9e19b04', '2015-12-06 12:40:16'),
('54f4161bd89b45817e375c43', '54d9afc8769b1eadd9e19b04', '2015-12-06 12:40:17'),
('54e6ec4242ab648f0b142226', '54d9afc8769b1eadd9e19b04', '2015-12-06 12:40:17'),
('54ee9d46b3b080e85d5ee8e9', '54d9afc8769b1eadd9e19b04', '2015-12-06 12:40:17'),
('54e7001bbf46c38fd95c3d0e', '54d9afc8769b1eadd9e19b04', '2015-12-06 12:40:17'),
('54e42323f673dfd52f7cab65', '54d9afc8769b1eadd9e19b04', '2015-12-06 12:40:17'),
('54e4239ccd5d3d3930297e69', '54d9afc8769b1eadd9e19b04', '2015-12-06 12:40:17'),
('54dd88725cd982a3184f8b74', '54d9afc8769b1eadd9e19b04', '2015-12-06 12:40:17'),
('54dd96a61adff9cd186a7a36', '54d9afc8769b1eadd9e19b04', '2015-12-06 12:40:17'),
('54e4237bc622aa6dfe2e453b', '54d9afc8769b1eadd9e19b04', '2015-12-06 12:40:17'),
('54e42368a30d6e7115374748', '54d9afc8769b1eadd9e19b04', '2015-12-06 12:40:17'),
('54feb119be5c68c193953cc2', '54d9afc8769b1eadd9e19b04', '2015-12-06 12:40:17'),
('54f97718221c09d3b79083ef', '54d9afc8769b1eadd9e19b04', '2015-12-06 12:40:17'),
('54dd87832316e18e0d778ae1', '54d9afc8769b1eadd9e19b04', '2015-12-06 12:40:17'),
('55c87647e1122706a04ac5f0', '54d9afc8769b1eadd9e19b04', '2015-12-06 12:40:18'),
('54dd87424ceeb5edd154904f', '54d9afc8769b1eadd9e19b04', '2015-12-06 12:40:18'),
('556be2c0d3bc6d7d0c963c14', '54d9afc8769b1eadd9e19b04', '2015-12-06 12:40:18'),
('55efab68bf6d75a4f7306e9f', '54d9afc8769b1eadd9e19b04', '2015-12-06 12:40:18'),
('54dafdff00f95ed0dd2ecf63', '54d9afc8769b1eadd9e19b04', '2015-12-06 12:40:18'),
('557155244358388399694c98', '54d9afc8769b1eadd9e19b04', '2015-12-06 12:40:18'),
('55c83c0751dceffc7e40f8af', '54d9afc8769b1eadd9e19b04', '2015-12-06 12:40:18'),
('54dafddcabe3d09b1355cf96', '54d9afc8769b1eadd9e19b04', '2015-12-06 12:40:18'),
('54dafde3e2f33769ef53b0bd', '54d9afc8769b1eadd9e19b04', '2015-12-06 12:40:18'),
('54dafdd73c717c659d8e04b5', '54d9afc8769b1eadd9e19b04', '2015-12-06 12:40:18'),
('557154ebafd331fb1a040bf6', '54d9afc8769b1eadd9e19b04', '2015-12-06 12:40:18'),
('54dd78c9df7e402d35b78a18', '54d9afc8769b1eadd9e19b04', '2015-12-06 12:40:18'),
('558903a101486c7d47910100', '54d9afc8769b1eadd9e19b04', '2015-12-06 12:40:18'),
('55bf37b5a65dcfa8d8aba38c', '54d9afc8769b1eadd9e19b04', '2015-12-06 12:40:18'),
('54e196ea65c0bd497e6cb55b', '54d9afc8769b1eadd9e19b04', '2015-12-06 12:40:19'),
('55daa00db1e2349dccd99ebf', '54d9afc8769b1eadd9e19b04', '2015-12-06 12:40:19'),
('54dafdf89951f16c138d9d64', '54d9afc8769b1eadd9e19b04', '2015-12-06 12:40:19'),
('54dafd8714ae0bcf9098dc47', '54d9afc8769b1eadd9e19b04', '2015-12-06 12:40:19'),
('55da9fedc12601ecb8584cfa', '54d9afc8769b1eadd9e19b04', '2015-12-06 12:40:19'),
('54f42b3a201c57980f5dc179', '54d9afc8769b1eadd9e19b04', '2015-12-06 12:40:19'),
('555c52d43ce7eb3c0e5cb2b4', '54d9afc8769b1eadd9e19b04', '2015-12-06 12:40:19'),
('55dab5b2c71fac8fcc629bdc', '54d9afc8769b1eadd9e19b04', '2015-12-06 12:40:19'),
('55c83b39b832eaa5b260eed8', '54d9afc8769b1eadd9e19b04', '2015-12-06 12:40:19'),
('55190e29842ecaefc69d4f8d', '54d9afc8769b1eadd9e19b04', '2015-12-06 12:40:19'),
('555c51f5e961c56b7a7d57e8', '54d9afc8769b1eadd9e19b04', '2015-12-06 12:40:19'),
('555c51b3d1ca0a3309d0ac5d', '54d9afc8769b1eadd9e19b04', '2015-12-06 12:40:19'),
('556bf479c91dd9ec74c57549', '54d9afc8769b1eadd9e19b04', '2015-12-06 12:40:20'),
('55c83c28a83161242ba36e2c', '54d9afc8769b1eadd9e19b04', '2015-12-06 12:40:20'),
('556bf4ab609d212a8bf219ef', '54d9afc8769b1eadd9e19b04', '2015-12-06 12:40:20'),
('555c555ff476da3b6fe6ed6e', '54d9afc8769b1eadd9e19b04', '2015-12-06 12:40:20'),
('555c53c3ccf1b45e24245cba', '54d9afc8769b1eadd9e19b04', '2015-12-06 12:40:20'),
('555aca961d934d9886a90f2f', '54d9afc8769b1eadd9e19b04', '2015-12-06 12:40:20'),
('55754d970c160e1b616c9a66', '54d9afc8769b1eadd9e19b04', '2015-12-06 12:40:20'),
('555aca850a380183e20e126d', '54d9afc8769b1eadd9e19b04', '2015-12-06 12:40:20'),
('555acaa4b4578ee147ce27b0', '54d9afc8769b1eadd9e19b04', '2015-12-06 12:40:20'),
('553da54caa97fb4957cecfe5', '54d9afc8769b1eadd9e19b04', '2015-12-06 12:40:21'),
('555b04fc33101b9cda64d59d', '54d9afc8769b1eadd9e19b04', '2015-12-06 12:40:21'),
('5546f461a2622ed8ce7cf37b', '54d9afc8769b1eadd9e19b04', '2015-12-06 12:40:21'),
('5546f475f05464cdc3e88ce2', '54d9afc8769b1eadd9e19b04', '2015-12-06 12:40:21'),
('552619874ed6531182a2f20f', '54d9afc8769b1eadd9e19b04', '2015-12-06 12:40:21'),
('5656d8624572294a5d253206', '54d9afc8769b1eadd9e19b04', '2015-12-06 12:40:21'),
('5656d84d8e9317ca4696982d', '54d9afc8769b1eadd9e19b04', '2015-12-06 12:40:21'),
('55261a6f8de23294c392c5ae', '54d9afc8769b1eadd9e19b04', '2015-12-06 12:40:21'),
('553f29d74737f1b414ee5842', '54d9afc8769b1eadd9e19b04', '2015-12-06 12:40:21'),
('552c83376375e8f9c01191ad', '54d9afc8769b1eadd9e19b04', '2015-12-06 12:40:21'),
('555c51c8c134f6638b3436b4', '54d9afc8769b1eadd9e19b04', '2015-12-06 12:40:21'),
('5656925937b7e3821e20588b', '54d9afc8769b1eadd9e19b04', '2015-12-06 12:40:21'),
('56553069ea993bbe197ce79b', '54d9afc8769b1eadd9e19b04', '2015-12-06 12:40:21'),
('5655307e83641b0542656bc9', '54d9afc8769b1eadd9e19b04', '2015-12-06 12:40:22'),
('5617805352e6f0a63e98b4c9', '54d9afc8769b1eadd9e19b04', '2015-12-06 12:40:22'),
('565551ae3f342556b976933a', '54d9afc8769b1eadd9e19b04', '2015-12-06 12:40:22'),
('5656d7e940831be11ecbd7f4', '54d9afc8769b1eadd9e19b04', '2015-12-06 12:40:22'),
('5656924100131b4a1e07a617', '54d9afc8769b1eadd9e19b04', '2015-12-06 12:40:22'),
('55b6f7261b55a9fc9214ca51', '54d9afc8769b1eadd9e19b04', '2015-12-06 12:40:22'),
('564013a758e33c329269c94f', '54d9afc8769b1eadd9e19b04', '2015-12-06 12:40:22'),
('5640124b6f3d8e387fe6a926', '54d9afc8769b1eadd9e19b04', '2015-12-06 12:40:22'),
('5625b0ebc2bc2db85aad9df2', '54d9afc8769b1eadd9e19b04', '2015-12-06 12:40:22'),
('56373053d14a3556a43f328a', '54d9afc8769b1eadd9e19b04', '2015-12-06 12:40:22'),
('564011e36b3d1df0286309b3', '54d9afc8769b1eadd9e19b04', '2015-12-06 12:40:22'),
('561781e6177972d19cd84e46', '54d9afc8769b1eadd9e19b04', '2015-12-06 12:40:22'),
('56177fd3cf7623939c5c6d1a', '54d9afc8769b1eadd9e19b04', '2015-12-06 12:40:22'),
('5617813ade9a81bec664d072', '54d9afc8769b1eadd9e19b04', '2015-12-06 12:40:22'),
('5625c2091f3c1a36498a8d69', '54d9afc8769b1eadd9e19b04', '2015-12-06 12:40:22'),
('56260253f994cadeac50e192', '54d9afc8769b1eadd9e19b04', '2015-12-06 12:40:22'),
('5617806f3c22e9f3ecb87ab6', '54d9afc8769b1eadd9e19b04', '2015-12-06 12:40:23'),
('5625f8d95dc119bb169a8f41', '54d9afc8769b1eadd9e19b04', '2015-12-06 12:40:23'),
('561780c3b9b80bd0c6bf2fc6', '54d9afc8769b1eadd9e19b04', '2015-12-06 12:40:23'),
('5625f05bdbb03dda882cf1db', '54d9afc8769b1eadd9e19b04', '2015-12-06 12:40:23'),
('562703e2782d6b15efee694c', '54d9afc8769b1eadd9e19b04', '2015-12-06 12:40:23'),
('562461760526661145387816', '54d9afc8769b1eadd9e19b04', '2015-12-06 12:40:23'),
('56177fb88be321eb9ca66697', '54d9afc8769b1eadd9e19b04', '2015-12-06 12:40:23'),
('5617803bbd48ed3f6b27db43', '54d9afc8769b1eadd9e19b04', '2015-12-06 12:40:23'),
('5653cdb7a3fe95b202057ee1', '54d9afc8769b1eadd9e19b04', '2015-12-06 12:40:23'),
('56177f7dcc555c9785dec239', '54d9afc8769b1eadd9e19b04', '2015-12-06 12:40:23'),
('56177efc48d3758b6b64e44a', '54d9afc8769b1eadd9e19b04', '2015-12-06 12:40:23'),
('5625e8b1f5d5c6af2325f1c1', '54d9afc8769b1eadd9e19b04', '2015-12-06 12:40:23'),
('5653cdcea711e943d0d03084', '54d9afc8769b1eadd9e19b04', '2015-12-06 12:40:23'),
('56246185bd34c6b3a4ecf9d9', '54d9afc8769b1eadd9e19b04', '2015-12-06 12:40:23'),
('55d2f7bb584be134e578fa97', '5501361b1247f9b0804aba66', '2015-12-06 12:40:24'),
('56177f5cbc26c579dd0dbafd', '54d9afc8769b1eadd9e19b04', '2015-12-06 12:40:24'),
('55024e5e6c270db90b158faa', '5501361b1247f9b0804aba66', '2015-12-06 12:40:24'),
('55262e426ac95560fd0e146c', '54d9afc8769b1eadd9e19b04', '2015-12-06 12:40:24'),
('55024e5762c7c6f7581c4e45', '5501361b1247f9b0804aba66', '2015-12-06 12:40:24'),
('55c83fd88b197a5ea3dfe053', '5501361b1247f9b0804aba66', '2015-12-06 12:40:24'),
('55c86c8799c7d81c25c9a310', '5501361b1247f9b0804aba66', '2015-12-06 12:40:24'),
('55c83d6ed52219348aaf6cfc', '5501361b1247f9b0804aba66', '2015-12-06 12:40:24'),
('55024e779873760b0cd13cc9', '5501361b1247f9b0804aba66', '2015-12-06 12:40:24'),
('55c99f7ef870ced799708a5d', '5501361b1247f9b0804aba66', '2015-12-06 12:40:24'),
('55024e4be8dc7e0603e8c684', '5501361b1247f9b0804aba66', '2015-12-06 12:40:25'),
('55d2f6ddfa0842277596c0e1', '5501361b1247f9b0804aba66', '2015-12-06 12:40:25'),
('55c86b2eafb444cef7c11675', '5501361b1247f9b0804aba66', '2015-12-06 12:40:25'),
('553073897a0cdc76be078f09', '5501361b1247f9b0804aba66', '2015-12-06 12:40:25'),
('55bf3b592cfdae3444a11563', '5501361b1247f9b0804aba66', '2015-12-06 12:40:25'),
('555597ce8ac7d4956350b34d', '5501361b1247f9b0804aba66', '2015-12-06 12:40:25'),
('553073b02110911d723bf550', '5501361b1247f9b0804aba66', '2015-12-06 12:40:25'),
('553073a76610bbb72ea4a32a', '5501361b1247f9b0804aba66', '2015-12-06 12:40:25'),
('55125ad0d8a7a237ab428e02', '5501361b1247f9b0804aba66', '2015-12-06 12:40:25'),
('55125b5359d8ba37a1d0ac72', '5501361b1247f9b0804aba66', '2015-12-06 12:40:25'),
('5530738f7f5f34c98dec4a3e', '5501361b1247f9b0804aba66', '2015-12-06 12:40:25'),
('55125b85fe773c56ec7dd4bc', '5501361b1247f9b0804aba66', '2015-12-06 12:40:25'),
('55c1e060bec52d2baf042bfd', '5501361b1247f9b0804aba66', '2015-12-06 12:40:25'),
('55125a9ae638368b6cb240d4', '5501361b1247f9b0804aba66', '2015-12-06 12:40:25'),
('55e0324c85168d40c38d6145', '546ee87bb94e78ff2b54f8bb', '2015-12-06 12:40:26'),
('55125ae08e2354fb09e8e729', '5501361b1247f9b0804aba66', '2015-12-06 12:40:26'),
('55e02d300373c9f154125b2e', '546ee87bb94e78ff2b54f8bb', '2015-12-06 12:40:26'),
('55125b0e60faa88b47f3305b', '5501361b1247f9b0804aba66', '2015-12-06 12:40:26'),
('5617804ab8a61e9e3e7b52fb', '546ee87bb94e78ff2b54f8bb', '2015-12-06 12:40:26'),
('55cd3c0aeb8b6e0f74b1423c', '546ee87bb94e78ff2b54f8bb', '2015-12-06 12:40:26'),
('55f0f20786fcddab934dbf5d', '546ee87bb94e78ff2b54f8bb', '2015-12-06 12:40:26'),
('55eeb926e96a828633eaf509', '546ee87bb94e78ff2b54f8bb', '2015-12-06 12:40:26'),
('55ef9da68fee5295f5f0782b', '546ee87bb94e78ff2b54f8bb', '2015-12-06 12:40:27'),
('55eeb9436108a2e8f76e1250', '546ee87bb94e78ff2b54f8bb', '2015-12-06 12:40:27'),
('55eeb96fc4e86c891d4bd48c', '546ee87bb94e78ff2b54f8bb', '2015-12-06 12:40:27'),
('550aa6e467cb22dddb12f2c9', '54d9cf1588018dabc4644eee', '2015-12-06 12:40:30'),
('550aa6e467cb22dddb12f2c9', '541f8273f1d949988d157093', '2015-12-06 12:40:30'),
('55cc20519338f39364424ab7', '541f8273f1d949988d157093', '2015-12-06 12:40:30'),
('55c83fafb945573c4e48e928', '541f8273f1d949988d157093', '2015-12-06 12:40:30'),
('55dd887cf62daddcfe5dc916', '541f8273f1d949988d157093', '2015-12-06 12:40:30'),
('55fd7607c9af51598eb87467', '541f8273f1d949988d157093', '2015-12-06 12:40:30'),
('55bedfe349354a155ea05ba9', '541f8273f1d949988d157093', '2015-12-06 12:40:30'),
('55c83d0cc69da394833393ea', '541f8273f1d949988d157093', '2015-12-06 12:40:30'),
('55da97df5b181ef1b8b6d5e6', '541f8273f1d949988d157093', '2015-12-06 12:40:30'),
('55b8a0e09f34f0eb58e18432', '541f8273f1d949988d157093', '2015-12-06 12:40:30'),
('55fd75fc9387f2cb861fb53c', '541f8273f1d949988d157093', '2015-12-06 12:40:30'),
('5641acdf7c5eeea468613e7f', '541f8273f1d949988d157093', '2015-12-06 12:40:30'),
('56615e887d5154a3d89385c8', '541f8273f1d949988d157093', '2015-12-06 12:40:30'),
('55b60596c4c06d4d09abf71f', '541f8273f1d949988d157093', '2015-12-06 12:40:31'),
('558a3835c26fd7f5c2f1fd5e', '541f8273f1d949988d157093', '2015-12-06 12:40:31'),
('556bd75ccc3ec7a031b8251e', '541f8273f1d949988d157093', '2015-12-06 12:40:31'),
('556bd786a04c977d8eb54b7b', '541f8273f1d949988d157093', '2015-12-06 12:40:31'),
('5594ae595227f0e29e7bd72f', '541f8273f1d949988d157093', '2015-12-06 12:40:31'),
('558299addbb93c11799548a2', '541f8273f1d949988d157093', '2015-12-06 12:40:31'),
('556af2052c1f32c84e7d7788', '541f8273f1d949988d157093', '2015-12-06 12:40:31'),
('556bd790f7daa59e08846dca', '541f8273f1d949988d157093', '2015-12-06 12:40:31'),
('556bef877017a13735dffeda', '541f8273f1d949988d157093', '2015-12-06 12:40:31'),
('55af0f1372b1cbb8b504b1e1', '541f8273f1d949988d157093', '2015-12-06 12:40:31'),
('558242e7a98729ab6710eb56', '541f8273f1d949988d157093', '2015-12-06 12:40:31'),
('556af1d8aa57341e03e58827', '541f8273f1d949988d157093', '2015-12-06 12:40:31'),
('55af2b53bbe5c83dcf4d9b9b', '541f8273f1d949988d157093', '2015-12-06 12:40:31'),
('5580f3f3ab08cb2f4ec5bca9', '541f8273f1d949988d157093', '2015-12-06 12:40:31'),
('552e188ad4e7bd4939ba938b', '54d9ae49e2cc7c35f8c5bacd', '2015-12-06 12:40:31'),
('552e188ad4e7bd4939ba938b', '541f8273f1d949988d157093', '2015-12-06 12:40:31'),
('55a4b85b088b151a25f7bef2', '541f8273f1d949988d157093', '2015-12-06 12:40:32'),
('556ad9af0655ff32c729f7eb', '541f8273f1d949988d157093', '2015-12-06 12:40:32'),
('556ae218f4ef00ef40ba9439', '541f8273f1d949988d157093', '2015-12-06 12:40:32'),
('552e1ea5b9af44768c0284d2', '541f8273f1d949988d157093', '2015-12-06 12:40:32'),
('556af1bbbdb3ed1f2e34099c', '541f8273f1d949988d157093', '2015-12-06 12:40:32'),
('552e1ea5b9af44768c0284d2', '54d9ae49e2cc7c35f8c5bacd', '2015-12-06 12:40:32'),
('556ad1eea04c977d8eb4cc57', '541f8273f1d949988d157093', '2015-12-06 12:40:32'),
('55a471ea765dbbfb105edbad', '54d9ae49e2cc7c35f8c5bacd', '2015-12-06 12:40:32'),
('55a471ea765dbbfb105edbad', '541f8273f1d949988d157093', '2015-12-06 12:40:32'),
('552e1c2d1d0381a13ad4548c', '541f8273f1d949988d157093', '2015-12-06 12:40:32'),
('556ad1b86e999678297ab8e5', '541f8273f1d949988d157093', '2015-12-06 12:40:32'),
('55710f8bb178196d96b22316', '541f8273f1d949988d157093', '2015-12-06 12:40:32'),
('5535e7373186accd43fa5417', '541f8273f1d949988d157093', '2015-12-06 12:40:32'),
('55c1e099f9bead9f6cbbb046', '541f8273f1d949988d157093', '2015-12-06 12:40:32'),
('556ad1e9141141eeab30c961', '541f8273f1d949988d157093', '2015-12-06 12:40:32'),
('556ad1ca12733af2a92c554c', '541f8273f1d949988d157093', '2015-12-06 12:40:33'),
('556ad1aab5ade45732c6edb0', '541f8273f1d949988d157093', '2015-12-06 12:40:33'),
('557e448f7ccc84ab55b9a756', '541f8273f1d949988d157093', '2015-12-06 12:40:33'),
('557e446930bb588fda3b1ac4', '541f8273f1d949988d157093', '2015-12-06 12:40:33'),
('55766db2363842eeac739189', '541f8273f1d949988d157093', '2015-12-06 12:40:33'),
('55b8583a65d5e3299091edd9', '541f8273f1d949988d157093', '2015-12-06 12:40:33'),
('552e17a5e1557dd66d564e1c', '541f8273f1d949988d157093', '2015-12-06 12:40:33'),
('5577c77a1998456c796ce02e', '541f8273f1d949988d157093', '2015-12-06 12:40:33'),
('557e52a33e30959657061679', '541f8273f1d949988d157093', '2015-12-06 12:40:33'),
('55710f23f37306c93f33d34d', '541f8273f1d949988d157093', '2015-12-06 12:40:33'),
('556fe5a7afdb4f2e73f63997', '541f8273f1d949988d157093', '2015-12-06 12:40:33'),
('556fbb9cc609f40e4b4709c1', '541f8273f1d949988d157093', '2015-12-06 12:40:33'),
('557a827776f12f7e3a16146d', '541f8273f1d949988d157093', '2015-12-06 12:40:33'),
('556fbb9cc609f40e4b4709c1', '54d9cf1588018dabc4644eee', '2015-12-06 12:40:33'),
('552dd6abe91039c379868cda', '541f8273f1d949988d157093', '2015-12-06 12:40:33'),
('552dd5cf2a20fe7e1cbb0119', '541f8273f1d949988d157093', '2015-12-06 12:40:33'),
('5517882d3fe6add0154b1355', '541f8273f1d949988d157093', '2015-12-06 12:40:34'),
('552dd70c7cb665f5fbb18bde', '541f8273f1d949988d157093', '2015-12-06 12:40:34'),
('5517882d3fe6add0154b1355', '54d9cf1588018dabc4644eee', '2015-12-06 12:40:34'),
('54db065bbb40c1c090de020a', '541f8273f1d949988d157093', '2015-12-06 12:40:34'),
('54db065bbb40c1c090de020a', '54d9ae49e2cc7c35f8c5bacd', '2015-12-06 12:40:34'),
('550b966d8acf8478bddec7ae', '541f8273f1d949988d157093', '2015-12-06 12:40:34'),
('550fdac44f9c87318796ca6b', '541f8273f1d949988d157093', '2015-12-06 12:40:34'),
('550a4d2f31d5978d17113e12', '541f8273f1d949988d157093', '2015-12-06 12:40:34'),
('552b759574ad671d270e882e', '541f8273f1d949988d157093', '2015-12-06 12:40:34'),
('550a4da0ec5029ab3557d82f', '541f8273f1d949988d157093', '2015-12-06 12:40:34'),
('54ffa99b4b0e7c2d73c509ee', '541f8273f1d949988d157093', '2015-12-06 12:40:34'),
('550944161f1d99e8638e1c70', '54d9cf1588018dabc4644eee', '2015-12-06 12:40:34'),
('54fbd7ed9f19f361ae0273c0', '541f8273f1d949988d157093', '2015-12-06 12:40:34'),
('54ffa9e6c8dc404d65b01911', '541f8273f1d949988d157093', '2015-12-06 12:40:34'),
('54fd2082eef827736f478ccc', '541f8273f1d949988d157093', '2015-12-06 12:40:34'),
('550944161f1d99e8638e1c70', '541f8273f1d949988d157093', '2015-12-06 12:40:34'),
('54fd2082eef827736f478ccc', '54d9cf1588018dabc4644eee', '2015-12-06 12:40:34'),
('5507881b47b1b4e9dd9f033b', '54d9cf1588018dabc4644eee', '2015-12-06 12:40:34'),
('5507881b47b1b4e9dd9f033b', '541f8273f1d949988d157093', '2015-12-06 12:40:34'),
('54fbd9a1c05116b81e9579a0', '541f8273f1d949988d157093', '2015-12-06 12:40:35'),
('54ef12de9a9917ef505ae2e3', '541f8273f1d949988d157093', '2015-12-06 12:40:35'),
('54fd1ef8f994b5bc60331fd2', '541f8273f1d949988d157093', '2015-12-06 12:40:35'),
('55fb8cf709343eda9b8460ca', '541f8273f1d949988d157093', '2015-12-06 12:40:35'),
('565d171490b8ca55f59a5167', '541f8273f1d949988d157093', '2015-12-06 12:40:35'),
('54ef1239b5b577a4da3a88dd', '541f8273f1d949988d157093', '2015-12-06 12:40:35'),
('55fd77225d1da7bb866c6d21', '541f8273f1d949988d157093', '2015-12-06 12:40:35'),
('560a540efe7e1a0d7d22edb4', '541f8273f1d949988d157093', '2015-12-06 12:40:35'),
('560b4cedb73898491498a37d', '541f8273f1d949988d157093', '2015-12-06 12:40:35'),
('55fa68b16d99225cca342727', '541f8273f1d949988d157093', '2015-12-06 12:40:35'),
('560b4cd4120e744ad791dfed', '541f8273f1d949988d157093', '2015-12-06 12:40:35'),
('560a18c771746d8e815764e0', '541f8273f1d949988d157093', '2015-12-06 12:40:35'),
('55ffc0672b439ef16bb3285d', '541f8273f1d949988d157093', '2015-12-06 12:40:35'),
('55fd7b7614cab918705bba96', '541f8273f1d949988d157093', '2015-12-06 12:40:36'),
('56162984485c2615df6145a7', '541f8273f1d949988d157093', '2015-12-06 12:40:36'),
('55fd7bb071c932318e062a90', '541f8273f1d949988d157093', '2015-12-06 12:40:36'),
('555c0baae6e4aaab0e9e4120', '541f8273f1d949988d157093', '2015-12-06 12:40:36'),
('553e47a0b34273cca5e26913', '541f8273f1d949988d157093', '2015-12-06 12:40:36'),
('55fa683dd51df5b03e906665', '541f8273f1d949988d157093', '2015-12-06 12:40:36'),
('555c0b9d36fef09915ee3ca6', '541f8273f1d949988d157093', '2015-12-06 12:40:36'),
('55fd7752937de1e01e6b7d07', '541f8273f1d949988d157093', '2015-12-06 12:40:36'),
('552600bed6564051fddc4c6f', '541f8273f1d949988d157093', '2015-12-06 12:40:36'),
('55fd773d3b79a4ff64652845', '541f8273f1d949988d157093', '2015-12-06 12:40:36'),
('552600758f49eed152b1fcb2', '541f8273f1d949988d157093', '2015-12-06 12:40:36'),
('54f4274318b6f9f15756d341', '541f8273f1d949988d157093', '2015-12-06 12:40:36'),
('54dabf75d7589e9469dd66c9', '541f8273f1d949988d157093', '2015-12-06 12:40:36'),
('5509024d0f7853761ba59e2c', '541f8273f1d949988d157093', '2015-12-06 12:40:37'),
('5506991fdfcd8c81b7cb5205', '541f8273f1d949988d157093', '2015-12-06 12:40:37'),
('553e49045afd63ceedec3862', '541f8273f1d949988d157093', '2015-12-06 12:40:37'),
('55094280c1b111a30a90aa46', '54d9ae49e2cc7c35f8c5bacd', '2015-12-06 12:40:37'),
('553e4b09b624cab0128e35ee', '541f8273f1d949988d157093', '2015-12-06 12:40:37'),
('54d9aed79866a5fdd911e457', '541f8273f1d949988d157093', '2015-12-06 12:40:37'),
('550fde01632628fb0bdc4b46', '54d9ae49e2cc7c35f8c5bacd', '2015-12-06 12:40:37'),
('551ba3704de1a510cf9bf320', '54d9ae49e2cc7c35f8c5bacd', '2015-12-06 12:40:37'),
('54ffc5996a91469989839247', '54d9ae49e2cc7c35f8c5bacd', '2015-12-06 12:40:37'),
('54d9cca3064dd1a203f07824', '54d9cf1588018dabc4644eee', '2015-12-06 12:40:37'),
('54d9cca3064dd1a203f07824', '54d9ae49e2cc7c35f8c5bacd', '2015-12-06 12:40:37'),
('54fd40065f7ba2b66032483a', '54d9ae49e2cc7c35f8c5bacd', '2015-12-06 12:40:37'),
('54d9d5396b60a359401860ab', '54d9cf1588018dabc4644eee', '2015-12-06 12:40:37'),
('54dd702c630f52e16b5fb2f2', '54d9ae49e2cc7c35f8c5bacd', '2015-12-06 12:40:37'),
('54d9d5396b60a359401860ab', '54d9ae49e2cc7c35f8c5bacd', '2015-12-06 12:40:37'),
('5509463ca474b0570a86e948', '54d9ae49e2cc7c35f8c5bacd', '2015-12-06 12:40:37'),
('54f6833242e16be65eb49ea2', '54d9ae49e2cc7c35f8c5bacd', '2015-12-06 12:40:38'),
('54f6828ecd5693f4e9c2cbb2', '54d9ae49e2cc7c35f8c5bacd', '2015-12-06 12:40:38'),
('54f682cad6fd582c0ae66d18', '54d9ae49e2cc7c35f8c5bacd', '2015-12-06 12:40:38'),
('54f682f0948647953d3acd39', '54d9ae49e2cc7c35f8c5bacd', '2015-12-06 12:40:38'),
('54dd6f628bd380a4185f11e4', '54d9ae49e2cc7c35f8c5bacd', '2015-12-06 12:40:38'),
('54f68265b1ebf50d3f68ea30', '54d9ae49e2cc7c35f8c5bacd', '2015-12-06 12:40:38'),
('54dd6ee47b3efb1835927f0e', '54d9ae49e2cc7c35f8c5bacd', '2015-12-06 12:40:38'),
('54f6827926e29db2aa2677d1', '54d9ae49e2cc7c35f8c5bacd', '2015-12-06 12:40:38'),
('54db2835b5b94c5aefec0db3', '54d9ae49e2cc7c35f8c5bacd', '2015-12-06 12:40:38'),
('54dac0af54493e83dd3ad4ef', '54d9ae49e2cc7c35f8c5bacd', '2015-12-06 12:40:38'),
('54d9d5a806e8f83c9da66763', '54d9ae49e2cc7c35f8c5bacd', '2015-12-06 12:40:38'),
('54db226d76d0e058440af367', '54d9ae49e2cc7c35f8c5bacd', '2015-12-06 12:40:38'),
('54dac05286fb6e38ee9229f6', '54d9ae49e2cc7c35f8c5bacd', '2015-12-06 12:40:39'),
('54d9d520f42557122337a513', '54d9ae49e2cc7c35f8c5bacd', '2015-12-06 12:40:39'),
('55c1e1118081c25a17480466', '54d9ae49e2cc7c35f8c5bacd', '2015-12-06 12:40:39'),
('54d9d520f42557122337a513', '54d9cf1588018dabc4644eee', '2015-12-06 12:40:39'),
('54dac255491a275bef4357b4', '54d9ae49e2cc7c35f8c5bacd', '2015-12-06 12:40:39'),
('54dc17d8da27feb1e4bd3257', '54d9ae49e2cc7c35f8c5bacd', '2015-12-06 12:40:39'),
('558242fd4a69a98511e5dfe6', '54d9ae49e2cc7c35f8c5bacd', '2015-12-06 12:40:39'),
('5552fa76ac0dd058d071193b', '54d9cf1588018dabc4644eee', '2015-12-06 12:40:39'),
('5552fa76ac0dd058d071193b', '54d9ae49e2cc7c35f8c5bacd', '2015-12-06 12:40:39'),
('551cd90843ef5dd2cdec3e7e', '54d9ae49e2cc7c35f8c5bacd', '2015-12-06 12:40:39'),
('551ba0ea81eb637308145c4a', '54d9ae49e2cc7c35f8c5bacd', '2015-12-06 12:40:39'),
('55e421e9d897bb0c58a32e63', '54d9ae49e2cc7c35f8c5bacd', '2015-12-06 12:40:39'),
('5552fabab824093f99163dfe', '54d9ae49e2cc7c35f8c5bacd', '2015-12-06 12:40:39'),
('551ba15a7ffca44f5b1b202c', '54d9ae49e2cc7c35f8c5bacd', '2015-12-06 12:40:39'),
('551ba14218b70253b79bd77d', '54d9ae49e2cc7c35f8c5bacd', '2015-12-06 12:40:40'),
('551b9e6f5746607d03bb0022', '54d9ae49e2cc7c35f8c5bacd', '2015-12-06 12:40:40'),
('552f528df247c229d0076d88', '54d9ae49e2cc7c35f8c5bacd', '2015-12-06 12:40:40'),
('551a177efc03a683d073a33f', '54d9ae49e2cc7c35f8c5bacd', '2015-12-06 12:40:40'),
('5552fa4a1b239d89d84878b6', '54d9ae49e2cc7c35f8c5bacd', '2015-12-06 12:40:40'),
('55d2f7746825c1fd7480c5ae', '54d9ae49e2cc7c35f8c5bacd', '2015-12-06 12:40:40'),
('5552fa54d8b5793417d916d8', '54d9ae49e2cc7c35f8c5bacd', '2015-12-06 12:40:40'),
('5513bdbb627c6e0bc5b84aed', '54d9ae49e2cc7c35f8c5bacd', '2015-12-06 12:40:40'),
('5552fa646d766b4706160db3', '54d9ae49e2cc7c35f8c5bacd', '2015-12-06 12:40:40'),
('5552fa3943e2f0b68b427964', '54d9ae49e2cc7c35f8c5bacd', '2015-12-06 12:40:40'),
('5514c9d5ee9c3c7f1333d892', '54d9ae49e2cc7c35f8c5bacd', '2015-12-06 12:40:40'),
('5513b353e1d76966844825a1', '54d9ae49e2cc7c35f8c5bacd', '2015-12-06 12:40:40'),
('5552fa07ecb7bd8799eb7145', '54d9ae49e2cc7c35f8c5bacd', '2015-12-06 12:40:40'),
('5500073f8833438573681c3e', '54d9ae49e2cc7c35f8c5bacd', '2015-12-06 12:40:40'),
('552f527bd2abf1401c08bc82', '54d9ae49e2cc7c35f8c5bacd', '2015-12-06 12:40:41'),
('5513adc87c2094e4b6389e26', '54d9ae49e2cc7c35f8c5bacd', '2015-12-06 12:40:41'),
('5552fa0e3bec5e624def01c2', '54d9ae49e2cc7c35f8c5bacd', '2015-12-06 12:40:41'),
('552f5230d4b8d044c99a39f1', '54d9ae49e2cc7c35f8c5bacd', '2015-12-06 12:40:41'),
('5552f9dd690ce756d0d2350f', '54d9ae49e2cc7c35f8c5bacd', '2015-12-06 12:40:41'),
('5552f9f72e18014daeaec3d0', '54d9ae49e2cc7c35f8c5bacd', '2015-12-06 12:40:41'),
('54ec17942bc92e7ea62e8122', '54d9ae49e2cc7c35f8c5bacd', '2015-12-06 12:40:41'),
('54ead0f5174d5aeb0b2100dd', '54d9ae49e2cc7c35f8c5bacd', '2015-12-06 12:40:41'),
('552e170f447dbd5e348594eb', '54d9ae49e2cc7c35f8c5bacd', '2015-12-06 12:40:41'),
('552e16abbfa376e11bb1febf', '54d9ae49e2cc7c35f8c5bacd', '2015-12-06 12:40:41'),
('54eacbe7462b066e14945de0', '54d9ae49e2cc7c35f8c5bacd', '2015-12-06 12:40:41'),
('54ead156965a96957ae181e8', '54d9ae49e2cc7c35f8c5bacd', '2015-12-06 12:40:41'),
('54e30cdb07b333adf3284834', '54d9ae49e2cc7c35f8c5bacd', '2015-12-06 12:40:41'),
('54eacc946642032f6c27a3c0', '54d9ae49e2cc7c35f8c5bacd', '2015-12-06 12:40:41'),
('54db3514c25bf51cd9d2f44e', '54d9ae49e2cc7c35f8c5bacd', '2015-12-06 12:40:41'),
('54e30d553923198243eac071', '54d9ae49e2cc7c35f8c5bacd', '2015-12-06 12:40:42'),
('54db390c3152dddd90b58969', '54d9ae49e2cc7c35f8c5bacd', '2015-12-06 12:40:42'),
('54db3542ea15710dd378bace', '54d9ae49e2cc7c35f8c5bacd', '2015-12-06 12:40:42'),
('54ec16d4050ac59effa725e9', '54d9ae49e2cc7c35f8c5bacd', '2015-12-06 12:40:42'),
('54db341b20a053f7d845fc4b', '54d9ae49e2cc7c35f8c5bacd', '2015-12-06 12:40:42'),
('54e18169d77a7dce40117cf6', '54d9ae49e2cc7c35f8c5bacd', '2015-12-06 12:40:42'),
('561348ca3eb4c2c8a2a6f45d', '54d9ae49e2cc7c35f8c5bacd', '2015-12-06 12:40:42'),
('550a4d55cb9c5b7fb727327b', '54d9ae49e2cc7c35f8c5bacd', '2015-12-06 12:40:42'),
('56162bf6e8f1b96f282cb710', '54d9ae49e2cc7c35f8c5bacd', '2015-12-06 12:40:42'),
('560a540501fc44ad0aeab6ef', '54d9ae49e2cc7c35f8c5bacd', '2015-12-06 12:40:42'),
('55fd79f6d69fe8bc47b440ac', '54d9ae49e2cc7c35f8c5bacd', '2015-12-06 12:40:42'),
('5615d4a0e194f83fd7c05c81', '54d9ae49e2cc7c35f8c5bacd', '2015-12-06 12:40:42'),
('560a53fe7c457862db6e06c7', '54d9ae49e2cc7c35f8c5bacd', '2015-12-06 12:40:42'),
('55fd7810c2b0769b8669d2c9', '54d9ae49e2cc7c35f8c5bacd', '2015-12-06 12:40:42'),
('5615d487a9c13deeba5583ce', '54d9ae49e2cc7c35f8c5bacd', '2015-12-06 12:40:42'),
('55fd7cba2ad95016657d48c7', '54d9ae49e2cc7c35f8c5bacd', '2015-12-06 12:40:43'),
('55fa696a2727387e153512bb', '54d9ae49e2cc7c35f8c5bacd', '2015-12-06 12:40:43'),
('55fa6864be3aa238faab1a2e', '54d9ae49e2cc7c35f8c5bacd', '2015-12-06 12:40:43'),
('55fd77ff8ecd4924bc2427b0', '54d9ae49e2cc7c35f8c5bacd', '2015-12-06 12:40:43'),
('55fa687883aa98583d96527b', '54d9ae49e2cc7c35f8c5bacd', '2015-12-06 12:40:43'),
('55fd766b473a067770eda952', '54d9ae49e2cc7c35f8c5bacd', '2015-12-06 12:40:43'),
('55fd765fbc6291acc253f25e', '54d9ae49e2cc7c35f8c5bacd', '2015-12-06 12:40:43'),
('55fa688ca9e3c92ccab856f6', '54d9ae49e2cc7c35f8c5bacd', '2015-12-06 12:40:43'),
('55fa689653ec7dda3ece7479', '54d9ae49e2cc7c35f8c5bacd', '2015-12-06 12:40:43'),
('55fa686edd426bed3fc1f071', '54d9ae49e2cc7c35f8c5bacd', '2015-12-06 12:40:43'),
('55fa68855b0fe76caffec7ea', '54d9ae49e2cc7c35f8c5bacd', '2015-12-06 12:40:43'),
('5513ae0c1eba8f44bd91580d', '54d9ae49e2cc7c35f8c5bacd', '2015-12-06 12:40:43'),
('5513ae54f890bf8c26a859d6', '54d9ae49e2cc7c35f8c5bacd', '2015-12-06 12:40:43'),
('5513aa2fd5c5b6b96a16967b', '54d9ae49e2cc7c35f8c5bacd', '2015-12-06 12:40:43'),
('55fd7c13025e51f5645e6986', '54d9ae49e2cc7c35f8c5bacd', '2015-12-06 12:40:43'),
('5513afb988a27692e0d06104', '54d9ae49e2cc7c35f8c5bacd', '2015-12-06 12:40:44'),
('54dc309a6ec713d05c4d5652', '54d9ae49e2cc7c35f8c5bacd', '2015-12-06 12:40:44'),
('55fa68a0b271840912c8748c', '54d9ae49e2cc7c35f8c5bacd', '2015-12-06 12:40:44'),
('54dc344ba319a3f3b53fd4bb', '54d9ae49e2cc7c35f8c5bacd', '2015-12-06 12:40:44'),
('5513b151f46c1a45221a1282', '54d9ae49e2cc7c35f8c5bacd', '2015-12-06 12:40:44'),
('5620678516ed98ed495da036', '54d9cf1588018dabc4644eee', '2015-12-06 12:40:44'),
('55dae1bf2f9905e3c091e8f4', '54d9cf1588018dabc4644eee', '2015-12-06 12:40:44'),
('552a649d244695ddacd4bc16', '54d9cf1588018dabc4644eee', '2015-12-06 12:40:44'),
('552a649d244695ddacd4bc16', '54d9ae49e2cc7c35f8c5bacd', '2015-12-06 12:40:44'),
('55badc99950f3a46251c88c5', '54d9cf1588018dabc4644eee', '2015-12-06 12:40:44'),
('55f2a90c67f04fcd259140ee', '54d9cf1588018dabc4644eee', '2015-12-06 12:40:44'),
('5620671850c08b5345d3efd0', '54d9cf1588018dabc4644eee', '2015-12-06 12:40:44'),
('55d2fcf16910e5df02921f93', '54d9cf1588018dabc4644eee', '2015-12-06 12:40:44'),
('55c2fa18edbedc44afe7760b', '54d9cf1588018dabc4644eee', '2015-12-06 12:40:44'),
('55da981eb980f1b5cccb90a9', '54d9cf1588018dabc4644eee', '2015-12-06 12:40:45'),
('55badc9271b0467e25808ffc', '54d9cf1588018dabc4644eee', '2015-12-06 12:40:45'),
('55d2d30907fa424f1d7f9746', '54d9cf1588018dabc4644eee', '2015-12-06 12:40:45'),
('55f111fe5f1801749365b25d', '54d9cf1588018dabc4644eee', '2015-12-06 12:40:45'),
('55f00043c30be95321a36995', '54d9cf1588018dabc4644eee', '2015-12-06 12:40:45'),
('55badc8ba5ff9194e42dfa74', '54d9cf1588018dabc4644eee', '2015-12-06 12:40:45'),
('55f2ab25f04c475b112d3607', '54d9cf1588018dabc4644eee', '2015-12-06 12:40:45'),
('55badc6c3eb9bc2fec19395b', '54d9cf1588018dabc4644eee', '2015-12-06 12:40:45'),
('55badc3a03176a5c9aa82bb7', '54d9cf1588018dabc4644eee', '2015-12-06 12:40:45'),
('55badc7e98c7f39f24743ddb', '54d9cf1588018dabc4644eee', '2015-12-06 12:40:45'),
('55badc2c850ba51ae73e621c', '54d9cf1588018dabc4644eee', '2015-12-06 12:40:45'),
('55badc32231742379a634c8d', '54d9cf1588018dabc4644eee', '2015-12-06 12:40:45'),
('558cc0cb9af3b2272c13248e', '54d9cf1588018dabc4644eee', '2015-12-06 12:40:45'),
('55badc4352cec1efe7b1e442', '54d9cf1588018dabc4644eee', '2015-12-06 12:40:45'),
('54d9d552b0bd9520c556d6b0', '54d9cf1588018dabc4644eee', '2015-12-06 12:40:46'),
('55badc26fea854f9bc66f244', '54d9cf1588018dabc4644eee', '2015-12-06 12:40:46'),
('55badc85a78af4d32431b8f1', '54d9cf1588018dabc4644eee', '2015-12-06 12:40:46'),
('54d9cca63c30e13b28ae61f8', '54d9cf1588018dabc4644eee', '2015-12-06 12:40:46'),
('55f1097e6fb993e75ed64f48', '54d9cf1588018dabc4644eee', '2015-12-06 12:40:46'),
('55f11262f7c2016b3dd8353e', '54d9cf1588018dabc4644eee', '2015-12-06 12:40:46'),
('54e42a204b952a7e881f9c67', '54d9cf1588018dabc4644eee', '2015-12-06 12:40:46'),
('55f111df426476f427ece23a', '54d9cf1588018dabc4644eee', '2015-12-06 12:40:46'),
('55f110c8fd55444089d708a2', '54d9cf1588018dabc4644eee', '2015-12-06 12:40:46'),
('55e9464cc2602e6d37cba384', '54d9cf1588018dabc4644eee', '2015-12-06 12:40:46'),
('55dae0404b6d08e1cc7c40e1', '54d9cf1588018dabc4644eee', '2015-12-06 12:40:46'),
('55d2f16ce4ff9428e559fdb3', '54d9cf1588018dabc4644eee', '2015-12-06 12:40:46'),
('55f11250ddd30d453d22f1fe', '54d9cf1588018dabc4644eee', '2015-12-06 12:40:46'),
('55da979c3eaea88bdac68ec2', '54d9cf1588018dabc4644eee', '2015-12-06 12:40:46'),
('55e946b22867369578d4c81e', '54d9cf1588018dabc4644eee', '2015-12-06 12:40:46'),
('559211d802decd6b16e35fba', '54d9cf1588018dabc4644eee', '2015-12-06 12:40:46'),
('55f10cc363da2e90f0dbcec3', '54d9cf1588018dabc4644eee', '2015-12-06 12:40:46'),
('55e01a2525b8afacc322db60', '54d9cf1588018dabc4644eee', '2015-12-06 12:40:47'),
('55d2e629c58beb1e67df447b', '54d9cf1588018dabc4644eee', '2015-12-06 12:40:47'),
('55badc49a64379f02460956e', '54d9cf1588018dabc4644eee', '2015-12-06 12:40:47'),
('55d2d2621a26fe465800b5d6', '54d9cf1588018dabc4644eee', '2015-12-06 12:40:47'),
('55d9e7931125eabaccc8de18', '54d9cf1588018dabc4644eee', '2015-12-06 12:40:47'),
('55dab9cfe946cfcdb82ddc36', '54d9cf1588018dabc4644eee', '2015-12-06 12:40:47'),
('55d2d2bab3605eaf0b498684', '54d9cf1588018dabc4644eee', '2015-12-06 12:40:47'),
('55badca2bd2daceb48bb6cce', '54d9cf1588018dabc4644eee', '2015-12-06 12:40:47'),
('55d29bf04f55331ae5406c36', '54d9cf1588018dabc4644eee', '2015-12-06 12:40:47'),
('55dbd7bf35664e0daf6f7a6f', '54d9cf1588018dabc4644eee', '2015-12-06 12:40:47'),
('55d2d20bce02571f756d5444', '54d9cf1588018dabc4644eee', '2015-12-06 12:40:47'),
('55d29e43caa1877ae51972fb', '54d9cf1588018dabc4644eee', '2015-12-06 12:40:48'),
('55d2e67311153cf91e90e539', '54d9cf1588018dabc4644eee', '2015-12-06 12:40:48'),
('55badc5c962b086e2596a98e', '54d9cf1588018dabc4644eee', '2015-12-06 12:40:48'),
('55d29d9d9915a9fa7ec99231', '54d9cf1588018dabc4644eee', '2015-12-06 12:40:48'),
('55d29f13580b6ffc473f0473', '54d9cf1588018dabc4644eee', '2015-12-06 12:40:48'),
('55badc1b2bfd98d65a9a876d', '54d9cf1588018dabc4644eee', '2015-12-06 12:40:48'),
('55a5d04533520338acca9b5d', '54d9cf1588018dabc4644eee', '2015-12-06 12:40:48'),
('55a5d096d526a48a7bd37f9e', '54d9cf1588018dabc4644eee', '2015-12-06 12:40:48'),
('55c83e8dbeeca079a01f10f5', '54d9cf1588018dabc4644eee', '2015-12-06 12:40:48'),
('55da7ad780d0050c1b47f93c', '54d9cf1588018dabc4644eee', '2015-12-06 12:40:48'),
('55a5d05a5a7aee7815ca1645', '54d9cf1588018dabc4644eee', '2015-12-06 12:40:48'),
('55a5d0323ff379f9a3b5a03f', '54d9cf1588018dabc4644eee', '2015-12-06 12:40:48'),
('55a5d06d9a8dcfb75cf77de7', '54d9cf1588018dabc4644eee', '2015-12-06 12:40:48'),
('55bb0de4ce6dc34fe7383fd9', '54d9cf1588018dabc4644eee', '2015-12-06 12:40:48'),
('559604e991d7845438aa2b74', '54d9cf1588018dabc4644eee', '2015-12-06 12:40:48'),
('5590b0af2d0a36bc866c0f78', '54d9cf1588018dabc4644eee', '2015-12-06 12:40:49'),
('563c7ac30037c78d2bd1bb0b', '54d9cf1588018dabc4644eee', '2015-12-06 12:40:49'),
('558a38ba766d51e9c247679b', '54d9cf1588018dabc4644eee', '2015-12-06 12:40:49'),
('55a5d027eae2d6c657001933', '54d9cf1588018dabc4644eee', '2015-12-06 12:40:49'),
('558cd3d2ee06484c74306cfd', '54d9cf1588018dabc4644eee', '2015-12-06 12:40:49'),
('55a4878f638a402d314e6efb', '54d9cf1588018dabc4644eee', '2015-12-06 12:40:49'),
('55824b86119877dae1eb76cc', '54d9cf1588018dabc4644eee', '2015-12-06 12:40:49'),
('5552fa424d35fb3d424222b7', '54d9cf1588018dabc4644eee', '2015-12-06 12:40:49'),
('55a5cff8dd18fa3abbee9d4a', '54d9cf1588018dabc4644eee', '2015-12-06 12:40:49');
INSERT INTO `card_member` (`card_id`, `member_id`, `created`) VALUES
('55810840eac622180cec30ba', '54d9cf1588018dabc4644eee', '2015-12-06 12:40:49'),
('55877d339dc7e66a4be5573a', '54d9cf1588018dabc4644eee', '2015-12-06 12:40:49'),
('5552fa30f8c3469969ec1651', '54d9cf1588018dabc4644eee', '2015-12-06 12:40:49'),
('556fe6b35054e5cefb28afd1', '54d9cf1588018dabc4644eee', '2015-12-06 12:40:50'),
('557fee6626b8d7105f03c693', '54d9cf1588018dabc4644eee', '2015-12-06 12:40:50'),
('5552fa274dfe78ef41f42537', '54d9cf1588018dabc4644eee', '2015-12-06 12:40:50'),
('557a5391fe1fbb683a993c1a', '54d9cf1588018dabc4644eee', '2015-12-06 12:40:50'),
('5552fa1f9d4157afaee8946b', '54d9cf1588018dabc4644eee', '2015-12-06 12:40:50'),
('5552fa17aac47961c654e816', '54d9cf1588018dabc4644eee', '2015-12-06 12:40:50'),
('554ad9e034642cdd8303419b', '54d9cf1588018dabc4644eee', '2015-12-06 12:40:50'),
('5577dcb98f2af56d4f0eee4b', '54d9cf1588018dabc4644eee', '2015-12-06 12:40:50'),
('554ad4b19fb473eac6ac4bcf', '54d9cf1588018dabc4644eee', '2015-12-06 12:40:50'),
('5552f9e6b824093f99163d5a', '54d9cf1588018dabc4644eee', '2015-12-06 12:40:50'),
('554ad9cbe2487e40cf771b52', '54d9cf1588018dabc4644eee', '2015-12-06 12:40:50'),
('552de4c1dbbeecae3ab36bd6', '54d9cf1588018dabc4644eee', '2015-12-06 12:40:51'),
('55499d2287439587dba5838b', '54d9cf1588018dabc4644eee', '2015-12-06 12:40:51'),
('55499b879135b9024687f34f', '54d9cf1588018dabc4644eee', '2015-12-06 12:40:51'),
('54dd819e7adc027d3daf95ad', '54d9cf1588018dabc4644eee', '2015-12-06 12:40:51'),
('5552f9eef3b7af5169107ac4', '54d9cf1588018dabc4644eee', '2015-12-06 12:40:51'),
('552dd7a339a4e610396afdfc', '54d9cf1588018dabc4644eee', '2015-12-06 12:40:51'),
('552b75ea57afca37268661e2', '54d9cf1588018dabc4644eee', '2015-12-06 12:40:51'),
('556fbba8f26cf2ffe3731f6f', '54d9cf1588018dabc4644eee', '2015-12-06 12:40:51'),
('556fe5aaac322f06a033d3e8', '54d9cf1588018dabc4644eee', '2015-12-06 12:40:51'),
('5521f6de86438f0339a179b2', '54d9cf1588018dabc4644eee', '2015-12-06 12:40:51'),
('552b2baca37bf11c69b6b636', '54d9cf1588018dabc4644eee', '2015-12-06 12:40:51'),
('552cd44ef0841aa7081baaca', '54d9cf1588018dabc4644eee', '2015-12-06 12:40:51'),
('552b756fe8db00e95b177d64', '54d9cf1588018dabc4644eee', '2015-12-06 12:40:51'),
('5513c75879eedacc2d24beed', '54d9cf1588018dabc4644eee', '2015-12-06 12:40:51'),
('5513c1f875fe42f333c08cb1', '54d9cf1588018dabc4644eee', '2015-12-06 12:40:51'),
('54db396078579274263a8659', '54d9cf1588018dabc4644eee', '2015-12-06 12:40:51'),
('54db3472ccdb4d5713fc9c5c', '54d9cf1588018dabc4644eee', '2015-12-06 12:40:52'),
('552b7543d42ed5f7a36c57b4', '54d9cf1588018dabc4644eee', '2015-12-06 12:40:52'),
('550fda998bc7aa72bfc51dd3', '54d9cf1588018dabc4644eee', '2015-12-06 12:40:52'),
('550fdafd75ef418c5eb55856', '54d9cf1588018dabc4644eee', '2015-12-06 12:40:52'),
('550a4cd831d5978d17113de4', '54d9cf1588018dabc4644eee', '2015-12-06 12:40:52'),
('550a4cf6287731db8e4895ab', '54d9cf1588018dabc4644eee', '2015-12-06 12:40:52'),
('54db344239c5b30ed9ce2831', '54d9cf1588018dabc4644eee', '2015-12-06 12:40:52'),
('54ffa9c7a0661772db92e99e', '54d9cf1588018dabc4644eee', '2015-12-06 12:40:52'),
('54ffa9acb9cdae73737bc652', '54d9cf1588018dabc4644eee', '2015-12-06 12:40:52'),
('54fd90f56cff9cbf55c80590', '54d9cf1588018dabc4644eee', '2015-12-06 12:40:52'),
('54fd4a990402e1e91e8be324', '54d9cf1588018dabc4644eee', '2015-12-06 12:40:52'),
('54fd1fea02a7b3ae5cefb83a', '54d9cf1588018dabc4644eee', '2015-12-06 12:40:52'),
('54fd4a862b93a6f79176653c', '54d9cf1588018dabc4644eee', '2015-12-06 12:40:52'),
('54fd4ac66037231970190ca1', '54d9cf1588018dabc4644eee', '2015-12-06 12:40:53'),
('54fd4ab6375ab307b17115d2', '54d9cf1588018dabc4644eee', '2015-12-06 12:40:53'),
('54fbd6cddfe596eb550e0bba', '54d9cf1588018dabc4644eee', '2015-12-06 12:40:53'),
('54fd1c2c3154624949f2f0fc', '54d9cf1588018dabc4644eee', '2015-12-06 12:40:53'),
('54fd1c01b7d7c589f4e47416', '54d9cf1588018dabc4644eee', '2015-12-06 12:40:53'),
('54f80c18d516d63001f1c2a1', '54d9cf1588018dabc4644eee', '2015-12-06 12:40:53'),
('54fbd8b944ba9ed25c54b600', '54d9cf1588018dabc4644eee', '2015-12-06 12:40:53'),
('54f80beb55392cb63eb0c26d', '54d9cf1588018dabc4644eee', '2015-12-06 12:40:53'),
('54f80bb7cba93284711b3ba7', '54d9cf1588018dabc4644eee', '2015-12-06 12:40:53'),
('54f80c5bd474bba5d0fa902f', '54d9cf1588018dabc4644eee', '2015-12-06 12:40:53'),
('54fbd7bb1700bfe99755046e', '54d9cf1588018dabc4644eee', '2015-12-06 12:40:53'),
('54f420f8b70eaed222f864d8', '54d9cf1588018dabc4644eee', '2015-12-06 12:40:53'),
('54f34d3aca8ec35089462e94', '54d9cf1588018dabc4644eee', '2015-12-06 12:40:53'),
('54f34df22ab35de40fd81b6a', '54d9cf1588018dabc4644eee', '2015-12-06 12:40:53'),
('54f422b8f8e9063ec6c87df1', '54d9cf1588018dabc4644eee', '2015-12-06 12:40:53'),
('54f421213b0f6656c6ab230c', '54d9cf1588018dabc4644eee', '2015-12-06 12:40:53'),
('54f420ae09f141a989aa350d', '54d9cf1588018dabc4644eee', '2015-12-06 12:40:53'),
('54f69434e03d47608e84c011', '54d9cf1588018dabc4644eee', '2015-12-06 12:40:54'),
('54f34fbf71b66b8f89b9cfbe', '54d9cf1588018dabc4644eee', '2015-12-06 12:40:54'),
('54efe71dc359888e7d285994', '54d9cf1588018dabc4644eee', '2015-12-06 12:40:54'),
('54ef1a76b966df21387c253d', '54d9cf1588018dabc4644eee', '2015-12-06 12:40:54'),
('54eebfebaa5680d212337ff9', '54d9cf1588018dabc4644eee', '2015-12-06 12:40:54'),
('54eec65247a4693bf3488afb', '54d9cf1588018dabc4644eee', '2015-12-06 12:40:54'),
('54ef17be27e6aaecce7eb798', '54d9cf1588018dabc4644eee', '2015-12-06 12:40:54'),
('54efde63b91625479892c872', '54d9cf1588018dabc4644eee', '2015-12-06 12:40:54'),
('54ef122af88efce6e602c866', '54d9cf1588018dabc4644eee', '2015-12-06 12:40:54'),
('54ef0e0ec2381a52a28a532e', '54d9cf1588018dabc4644eee', '2015-12-06 12:40:54'),
('54ed94d03a2f38a27478be90', '54d9cf1588018dabc4644eee', '2015-12-06 12:40:54'),
('54ffa9b91c4aa7a4bcdf67b0', '54d9cf1588018dabc4644eee', '2015-12-06 12:40:54'),
('54eed092f6f4012fafcd3b4f', '54d9cf1588018dabc4644eee', '2015-12-06 12:40:55'),
('54ed9301590762e2ccffd66a', '54d9cf1588018dabc4644eee', '2015-12-06 12:40:55'),
('562066ef556090d64938ba07', '54d9cf1588018dabc4644eee', '2015-12-06 12:40:55'),
('5620675325406978de6aee02', '54d9cf1588018dabc4644eee', '2015-12-06 12:40:55'),
('54ed943fe52f49bcf562f4e7', '54d9cf1588018dabc4644eee', '2015-12-06 12:40:55'),
('5620679ecf2580cc87031905', '54d9cf1588018dabc4644eee', '2015-12-06 12:40:55'),
('5620676e84e3b9c682a89fef', '54d9cf1588018dabc4644eee', '2015-12-06 12:40:55'),
('5620673b0ff97e7180b154c4', '54d9cf1588018dabc4644eee', '2015-12-06 12:40:55'),
('562067adcf4f191979ecd1bb', '54d9cf1588018dabc4644eee', '2015-12-06 12:40:55'),
('562067c1dfae585d8e132cf6', '54d9cf1588018dabc4644eee', '2015-12-06 12:40:55'),
('5620672a5c0de37e751b0c4e', '54d9cf1588018dabc4644eee', '2015-12-06 12:40:55'),
('55fd7a70bd6251c76bee7c1f', '54d9cf1588018dabc4644eee', '2015-12-06 12:40:55'),
('562066b9ff0352d04959cbb0', '54d9cf1588018dabc4644eee', '2015-12-06 12:40:55'),
('560a53e17691387e81c3549b', '54d9cf1588018dabc4644eee', '2015-12-06 12:40:55'),
('55fa68516be138f8e0f5ef71', '54d9cf1588018dabc4644eee', '2015-12-06 12:40:56'),
('56177f3e3e08a9b1207a4448', '54d9cf1588018dabc4644eee', '2015-12-06 12:40:56'),
('55fa694d28be5a0cca6619d2', '54d9cf1588018dabc4644eee', '2015-12-06 12:40:56'),
('56177f9c61a34ecdec930028', '54d9cf1588018dabc4644eee', '2015-12-06 12:40:56'),
('55fd767ad91d8f2f702bd60b', '54d9cf1588018dabc4644eee', '2015-12-06 12:40:56'),
('55fd76962b4a110870a037ba', '54d9cf1588018dabc4644eee', '2015-12-06 12:40:56'),
('55fa69b2be89b3757035889c', '54d9cf1588018dabc4644eee', '2015-12-06 12:40:56'),
('55fa690f2727387e15351250', '54d9cf1588018dabc4644eee', '2015-12-06 12:40:56'),
('56177f240b5342e9c9c6e59d', '54d9cf1588018dabc4644eee', '2015-12-06 12:40:56'),
('55fd7b1112533289df363cf5', '54d9cf1588018dabc4644eee', '2015-12-06 12:40:56'),
('554adcc238b07ce625f1a8ea', '54d9cf1588018dabc4644eee', '2015-12-06 12:40:56'),
('55fd7ac898725728b8570507', '54d9cf1588018dabc4644eee', '2015-12-06 12:40:56'),
('55fd7ad7094c066970bccd7f', '54d9cf1588018dabc4644eee', '2015-12-06 12:40:56'),
('54fd4757f070fec3252d1e13', '54d9cf1588018dabc4644eee', '2015-12-06 12:40:56'),
('54e4159a9225ce7bfe6c026c', '54d9cf1588018dabc4644eee', '2015-12-06 12:40:57'),
('54fd4042d23ad8a85ca463c3', '54d9cf1588018dabc4644eee', '2015-12-06 12:40:57'),
('554ad4e52cba40238f941fbf', '54d9cf1588018dabc4644eee', '2015-12-06 12:40:57'),
('56650427c681d9e6e4cd9737', '54d9afc8769b1eadd9e19b04', '2015-12-09 03:01:33'),
('566504becd9a5db349856ae7', '54d9afc8769b1eadd9e19b04', '2015-12-09 03:01:33');

-- --------------------------------------------------------

--
-- Table structure for table `list`
--

CREATE TABLE IF NOT EXISTS `list` (
  `id` varchar(255) NOT NULL,
  `name` varchar(255) NOT NULL,
  `board_id` varchar(255) NOT NULL,
  `created` timestamp NOT NULL DEFAULT CURRENT_TIMESTAMP,
  PRIMARY KEY (`id`),
  KEY `board_id` (`board_id`)
) ENGINE=InnoDB DEFAULT CHARSET=latin1;

--
-- Dumping data for table `list`
--

INSERT INTO `list` (`id`, `name`, `board_id`, `created`) VALUES
('54d9d0638ab4c86938348f36', 'Done', '54d9b8aabeb849d6406a85d8', '2015-12-06 12:38:40'),
('54d9d79f42d5e2a069379e6a', 'Bugs Done', '54d9b8aabeb849d6406a85d8', '2015-12-06 12:38:41'),
('54d9dec1124032a769ab7b20', 'In Progress', '54d9dec1124032a769ab7b1e', '2015-12-06 12:38:36'),
('54d9dec1124032a769ab7b21', 'In Review (testing)', '54d9dec1124032a769ab7b1e', '2015-12-06 12:38:36'),
('54d9dec1124032a769ab7b22', ' Documents', '54d9dec1124032a769ab7b1e', '2015-12-06 12:38:37'),
('54d9df9f4307fd57405488b0', 'Current Sprint', '54d9d75765d57c1b287b1619', '2015-12-06 12:27:31'),
('54d9dfa493938ee9175f37ce', 'In Progress', '54d9d75765d57c1b287b1619', '2015-12-06 12:27:31'),
('54d9dfd6825e91d7d95541fe', 'In Progress', '54d9adc1de399b8205d1c2a7', '2015-12-06 12:27:32'),
('54d9dfdb98d1a2036a1caf04', 'Bug', '54d9adc1de399b8205d1c2a7', '2015-12-06 12:25:08'),
('54da255734957ead409d0220', 'Done', '54d9ba99a848b903602a3a8c', '2015-12-06 12:38:37'),
('54da255fb25d926440d65d4e', 'Bugs', '54d9ba99a848b903602a3a8c', '2015-12-06 12:38:37'),
('54dafd0b84e4f96c26bec2d2', 'Done', '54dafcfa5fc53888ef48eb22', '2015-12-06 12:25:07'),
('54db050876da506d47f7ecfc', 'Done', '54d9adc1de399b8205d1c2a7', '2015-12-06 12:25:08'),
('54dd699d9a19a8901cf40abc', 'Bugs Done', '54d9adc1de399b8205d1c2a7', '2015-12-06 12:25:08'),
('54e6e7f0bdfd21df4d32cbbe', 'Uploaded', '54d9dec1124032a769ab7b1e', '2015-12-06 12:38:37'),
('54ed90d9ab2bf223511e8c3e', 'Done', '54ed90cc0d7a7efef8d8d804', '2015-12-06 12:25:07'),
('54ed90e17a79ae8939d470cd', 'Bugs Done', '54ed90cc0d7a7efef8d8d804', '2015-12-06 12:38:41'),
('54f3515956825396c61755e5', 'In Progress', '54f3514abb5d862304993a33', '2015-12-06 12:38:40'),
('54f3515bd202b6eca7e3d90a', 'Done', '54f3514abb5d862304993a33', '2015-12-06 12:35:14'),
('5500069877d96791bc0fe429', 'In Progress', '55000668b42776cf39a38b97', '2015-12-06 12:38:40'),
('550006a18ab2ec72d1c8b12b', 'Done', '55000668b42776cf39a38b97', '2015-12-06 12:38:41'),
('55093de61a13b024dd7f253b', 'Nginx', '55093ddfa6d3e18ae998aca9', '2015-12-06 12:38:39'),
('550aa6cbf0cc56a08e8225a2', 'AngularJs', '55093ddfa6d3e18ae998aca9', '2015-12-06 12:25:07'),
('55139e3a062b3802a72d9df7', 'In Review (Testing)', '54d9d75765d57c1b287b1619', '2015-12-06 12:27:31'),
('5513d74bab1e7271c569b175', 'Bugs Done', '55000668b42776cf39a38b97', '2015-12-06 12:38:41'),
('55190dfac5b8cf9863aa4000', 'Android Develop', '55093ddfa6d3e18ae998aca9', '2015-12-06 12:38:37'),
('552601164b689b1a67ca7d69', 'In Progress', '5526010f65eb020f14f1a049', '2015-12-06 12:38:35'),
('552601179ff13ecdfd6a8462', 'Done', '5526010f65eb020f14f1a049', '2015-12-06 12:35:14'),
('55262acce0cb50dfb4e1ba89', 'Current Sprint', '55262acab98b55e0cdc10cdf', '2015-12-06 12:25:06'),
('55262acfed48531bfd3eb295', 'In progress', '55262acab98b55e0cdc10cdf', '2015-12-06 12:25:07'),
('55262ad185ea28f5b0859d72', 'Done (14 August 2015)', '55262acab98b55e0cdc10cdf', '2015-12-06 12:25:07'),
('55262ad498c0d3c1fa010eb1', 'Documents', '55262acab98b55e0cdc10cdf', '2015-12-06 12:38:37'),
('55262e29b7cf0520676d216a', 'Social Network Analys', '55093ddfa6d3e18ae998aca9', '2015-12-06 12:38:38'),
('552e1639f57c2ea61cd3a14f', 'Done', '552e15e9d806e0679200186f', '2015-12-06 12:25:08'),
('556fbac3d489d591e7567790', 'Done', '556fba73648229078ae5b680', '2015-12-06 12:25:07'),
('55c1b17cacbe1fa9743965b3', 'Next Sprint', '54d9d75765d57c1b287b1619', '2015-12-06 12:28:35'),
('55c1c425b7e0df5df2646e19', 'Backlog', '55262acab98b55e0cdc10cdf', '2015-12-06 12:27:31'),
('55c1c44be015638a6c16fb45', 'In Review (Testing)', '55262acab98b55e0cdc10cdf', '2015-12-06 12:35:13'),
('55c1d7d8a46826c5797f4af9', 'Next Sprint', '55262acab98b55e0cdc10cdf', '2015-12-06 12:25:07'),
('55c84a96d57307de1afdc4e2', 'Done', '54d9dec1124032a769ab7b1e', '2015-12-06 12:38:39'),
('55cd3ae03ff58e3fc2dcf5f1', 'idea / wishlist', '54d9d75765d57c1b287b1619', '2015-12-06 12:28:36'),
('55d2d17d07561454589c3772', 'Done (18 August 2015)', '54d9dec1124032a769ab7b1e', '2015-12-06 12:38:41'),
('55d6d17828451a8d59d096af', 'Done (21 Agustus 2015)', '55262acab98b55e0cdc10cdf', '2015-12-06 12:25:07'),
('55d6ed8f076641ad8b4867b8', 'Done (21 Agustus 2015)', '54d9dec1124032a769ab7b1e', '2015-12-06 12:38:41'),
('55dc3af23fc77d735efd22ca', 'In Review', '54d9adc1de399b8205d1c2a7', '2015-12-06 12:27:32'),
('55e00d4e15b58c91b17bb90c', 'Done - 198 server (28 August 2015)', '54d9dec1124032a769ab7b1e', '2015-12-06 12:25:07'),
('55e95d0af69335523727bae3', 'Done (2015-09-04)', '54d9d75765d57c1b287b1619', '2015-12-06 12:27:32'),
('55eeb914e74481bd74ba380a', 'In Review', '55779fcf813e048489823eef', '2015-12-06 12:28:36'),
('55f278807084ae17ec5cf838', 'Done (2015-09-11)', '54d9d75765d57c1b287b1619', '2015-12-06 12:27:32'),
('55f6460d4081c6f12f5f1484', 'Done (14 September 2015)', '55262acab98b55e0cdc10cdf', '2015-12-06 12:35:13'),
('55f901bccf4915b6b1d616a5', 'Current Sprint', '55f9019980d025a683dc636a', '2015-12-06 12:25:06'),
('55f901bf2ea2764b3c64bc9b', 'In Progress', '55f9019980d025a683dc636a', '2015-12-06 12:25:08'),
('55f901cbd0791bbf5dd732f0', 'In Review (testing)', '55f9019980d025a683dc636a', '2015-12-06 12:25:08'),
('55f901d06fd67d5b659fb19b', 'Next Sprint', '55f9019980d025a683dc636a', '2015-12-06 12:25:08'),
('560a5e922e88c7760ae41387', 'Done', '55f9019980d025a683dc636a', '2015-12-06 12:25:07'),
('56122814fd85b65747838972', 'Done - 5 October 2015', '54d9dec1124032a769ab7b1e', '2015-12-06 12:38:41'),
('561779cadb5883778526dd1f', 'Current Sprint', '561779be0a3a84876bb4a52c', '2015-12-06 12:28:37'),
('561779de14ad686b859dac08', 'In Review', '561779be0a3a84876bb4a52c', '2015-12-06 12:27:32');

-- --------------------------------------------------------

--
-- Table structure for table `member`
--

CREATE TABLE IF NOT EXISTS `member` (
  `id` varchar(255) NOT NULL,
  `fullName` varchar(255) NOT NULL,
  `username` varchar(255) NOT NULL,
  `avatar` varchar(255) NOT NULL,
  `created` timestamp NOT NULL DEFAULT CURRENT_TIMESTAMP,
  PRIMARY KEY (`id`)
) ENGINE=InnoDB DEFAULT CHARSET=latin1;

--
-- Dumping data for table `member`
--

INSERT INTO `member` (`id`, `fullName`, `username`, `avatar`, `created`) VALUES
('541f8273f1d949988d157093', 'Desi Tiffani Siahaan', 'desitiffani', '638d44fc75258e1b2de60022d8a73934', '2015-11-22 00:26:24'),
('546ee87bb94e78ff2b54f8bb', 'Muhammad Dhito Prihardhanto', 'muhdhito', 'b6d4b37dcd091f4890f4e32f1cd2ca55', '2015-11-22 00:26:25'),
('54d9ae49e2cc7c35f8c5bacd', 'Kiki', 'kiki89', 'a97e3c6cd43bae1f97de7f405af1f1e7', '2015-11-22 00:26:24'),
('54d9afc8769b1eadd9e19b04', 'Fariz', 'farizrs', '4e49c860d319731433729a792181c5f8', '2015-11-22 00:26:24'),
('54d9b0d4f038788d69d498b2', 'Melvin Toni Gustave', 'melvin77', 'd34be3cb3d531e91dececd78cc791771', '2015-11-22 00:26:25'),
('54d9b1e492218329f82a9f42', 'Fikran', 'fikran', '1b6f505be1ba3fa63054a36dc865fa11', '2015-11-22 00:26:24'),
('54d9cf1588018dabc4644eee', 'Ririn Fatmawati Sari', 'ririnfatmawatisari', '7b548fa4aa3773f44b497cea5d7a25f6', '2015-11-22 00:26:25'),
('54dd957a85dd3d860dcf28d7', 'Abdul Razak Ahmad', 'abdulrazakahmad1', '', '2015-11-22 00:26:25'),
('5501361b1247f9b0804aba66', 'Ragil Ayu', 'ragilayu', '2a4f997ca25e05ad0e32da765d153bbe', '2015-11-22 00:26:25');

--
-- Constraints for dumped tables
--

--
-- Constraints for table `card`
--
ALTER TABLE `card`
  ADD CONSTRAINT `card_ibfk_1` FOREIGN KEY (`board_id`) REFERENCES `board` (`id`) ON DELETE CASCADE ON UPDATE CASCADE,
  ADD CONSTRAINT `card_ibfk_2` FOREIGN KEY (`list_id`) REFERENCES `list` (`id`) ON DELETE CASCADE ON UPDATE CASCADE;

--
-- Constraints for table `card_member`
--
ALTER TABLE `card_member`
  ADD CONSTRAINT `card_member_ibfk_1` FOREIGN KEY (`card_id`) REFERENCES `card` (`id`) ON DELETE CASCADE ON UPDATE CASCADE,
  ADD CONSTRAINT `card_member_ibfk_2` FOREIGN KEY (`member_id`) REFERENCES `member` (`id`) ON DELETE CASCADE ON UPDATE CASCADE;

--
-- Constraints for table `list`
--
ALTER TABLE `list`
  ADD CONSTRAINT `list_ibfk_1` FOREIGN KEY (`board_id`) REFERENCES `board` (`id`) ON DELETE CASCADE ON UPDATE CASCADE;

/*!40101 SET CHARACTER_SET_CLIENT=@OLD_CHARACTER_SET_CLIENT */;
/*!40101 SET CHARACTER_SET_RESULTS=@OLD_CHARACTER_SET_RESULTS */;
/*!40101 SET COLLATION_CONNECTION=@OLD_COLLATION_CONNECTION */;
